record_id,suggested_decision,human_final_decision,exclusion_reason,reviewer,review_date
pubmed:42213695:pubmed_high_dose_vitd_calcium_20260601T192944_fa5dea8b,likely_exclude,,nonhuman or nonclinical terms: rat; cat; cats,rule_based_classifier_v1,20260603
pubmed:42182979:pubmed_high_dose_vitd_calcium_20260601T192944_fa5dea8b,include_candidate,,"title/abstract matches population, ingredient, and safety outcome",rule_based_classifier_v1,20260603
pubmed:42181337:pubmed_high_dose_vitd_calcium_20260601T192944_fa5dea8b,likely_exclude,,nonhuman or nonclinical terms: rat; cat,rule_based_classifier_v1,20260603
pubmed:42179277:pubmed_high_dose_vitd_calcium_20260601T192944_fa5dea8b,likely_exclude,,nonhuman or nonclinical terms: mouse; rat; cat,rule_based_classifier_v1,20260603
pubmed:42158881:pubmed_high_dose_vitd_calcium_20260601T192944_fa5dea8b,likely_exclude,,nonhuman or nonclinical terms: rat; cat,rule_based_classifier_v1,20260603
pubmed:42151904:pubmed_high_dose_vitd_calcium_20260601T192944_fa5dea8b,likely_exclude,,nonhuman or nonclinical terms: rat,rule_based_classifier_v1,20260603
pubmed:42147788:pubmed_high_dose_vitd_calcium_20260601T192944_fa5dea8b,likely_exclude,,nonhuman or nonclinical terms: rat,rule_based_classifier_v1,20260603
pubmed:42147385:pubmed_high_dose_vitd_calcium_20260601T192944_fa5dea8b,likely_exclude,,nonhuman or nonclinical terms: rat; cat,rule_based_classifier_v1,20260603
pubmed:42146312:pubmed_high_dose_vitd_calcium_20260601T192944_fa5dea8b,likely_exclude,,nonhuman or nonclinical terms: rat; cat,rule_based_classifier_v1,20260603
pubmed:42145024:pubmed_high_dose_vitd_calcium_20260601T192944_fa5dea8b,likely_exclude,,nonhuman or nonclinical terms: rat,rule_based_classifier_v1,20260603
pubmed:42144902:pubmed_high_dose_vitd_calcium_20260601T192944_fa5dea8b,likely_exclude,,nonhuman or nonclinical terms: rat; broiler; turkey; cat,rule_based_classifier_v1,20260603
pubmed:42142201:pubmed_high_dose_vitd_calcium_20260601T192944_fa5dea8b,likely_exclude,,nonhuman or nonclinical terms: rat,rule_based_classifier_v1,20260603
pubmed:42134139:pubmed_high_dose_vitd_calcium_20260601T192944_fa5dea8b,likely_exclude,,nonhuman or nonclinical terms: rat; broiler; cat,rule_based_classifier_v1,20260603
pubmed:42130995:pubmed_high_dose_vitd_calcium_20260601T192944_fa5dea8b,likely_exclude,,nonhuman or nonclinical terms: rat,rule_based_classifier_v1,20260603
pubmed:42130673:pubmed_high_dose_vitd_calcium_20260601T192944_fa5dea8b,likely_exclude,,nonhuman or nonclinical terms: rat; cat; molecular docking; simulation,rule_based_classifier_v1,20260603
pubmed:42129010:pubmed_high_dose_vitd_calcium_20260601T192944_fa5dea8b,likely_exclude,,nonhuman or nonclinical terms: rat; cat,rule_based_classifier_v1,20260603
pubmed:42106847:pubmed_high_dose_vitd_calcium_20260601T192944_fa5dea8b,likely_exclude,,nonhuman or nonclinical terms: rat; cat,rule_based_classifier_v1,20260603
pubmed:42095997:pubmed_high_dose_vitd_calcium_20260601T192944_fa5dea8b,likely_exclude,,nonhuman or nonclinical terms: rat; cat,rule_based_classifier_v1,20260603
pubmed:42085570:pubmed_high_dose_vitd_calcium_20260601T192944_fa5dea8b,likely_exclude,,nonhuman or nonclinical terms: rat; cat,rule_based_classifier_v1,20260603
pubmed:42077171:pubmed_high_dose_vitd_calcium_20260601T192944_fa5dea8b,likely_exclude,,nonhuman or nonclinical terms: rat; cat,rule_based_classifier_v1,20260603
pubmed:42076747:pubmed_high_dose_vitd_calcium_20260601T192944_fa5dea8b,likely_exclude,,nonhuman or nonclinical terms: rat; cat,rule_based_classifier_v1,20260603
pubmed:42061087:pubmed_high_dose_vitd_calcium_20260601T192944_fa5dea8b,likely_exclude,,nonhuman or nonclinical terms: rat; cat; in vitro; simulation,rule_based_classifier_v1,20260603
pubmed:42046473:pubmed_high_dose_vitd_calcium_20260601T192944_fa5dea8b,likely_exclude,,nonhuman or nonclinical terms: rat; cat,rule_based_classifier_v1,20260603
pubmed:42043773:pubmed_high_dose_vitd_calcium_20260601T192944_fa5dea8b,likely_exclude,,nonhuman or nonclinical terms: rat; cat,rule_based_classifier_v1,20260603
pubmed:42027563:pubmed_high_dose_vitd_calcium_20260601T192944_fa5dea8b,likely_exclude,,nonhuman or nonclinical terms: rat; cat,rule_based_classifier_v1,20260603
pubmed:42021547:pubmed_high_dose_vitd_calcium_20260601T192944_fa5dea8b,likely_exclude,,nonhuman or nonclinical terms: rat; cat,rule_based_classifier_v1,20260603
pubmed:42015790:pubmed_high_dose_vitd_calcium_20260601T192944_fa5dea8b,likely_exclude,,nonhuman or nonclinical terms: rat; cat,rule_based_classifier_v1,20260603
pubmed:42013982:pubmed_high_dose_vitd_calcium_20260601T192944_fa5dea8b,likely_exclude,,nonhuman or nonclinical terms: pig; pigs,rule_based_classifier_v1,20260603
pubmed:41994682:pubmed_high_dose_vitd_calcium_20260601T192944_fa5dea8b,likely_exclude,,nonhuman or nonclinical terms: rat; cat,rule_based_classifier_v1,20260603
pubmed:41993139:pubmed_high_dose_vitd_calcium_20260601T192944_fa5dea8b,likely_exclude,,nonhuman or nonclinical terms: rat,rule_based_classifier_v1,20260603
pubmed:41988524:pubmed_high_dose_vitd_calcium_20260601T192944_fa5dea8b,likely_exclude,,nonhuman or nonclinical terms: rat; cat,rule_based_classifier_v1,20260603
pubmed:41983252:pubmed_high_dose_vitd_calcium_20260601T192944_fa5dea8b,likely_exclude,,nonhuman or nonclinical terms: rat; cat,rule_based_classifier_v1,20260603
pubmed:41978147:pubmed_high_dose_vitd_calcium_20260601T192944_fa5dea8b,likely_exclude,,nonhuman or nonclinical terms: rat; rats; cat,rule_based_classifier_v1,20260603
pubmed:41956768:pubmed_high_dose_vitd_calcium_20260601T192944_fa5dea8b,likely_exclude,,nonhuman or nonclinical terms: rat,rule_based_classifier_v1,20260603
pubmed:41954050:pubmed_high_dose_vitd_calcium_20260601T192944_fa5dea8b,likely_exclude,,nonhuman or nonclinical terms: rat,rule_based_classifier_v1,20260603
pubmed:41950383:pubmed_high_dose_vitd_calcium_20260601T192944_fa5dea8b,likely_exclude,,nonhuman or nonclinical terms: rat; cat; cats,rule_based_classifier_v1,20260603
pubmed:41947071:pubmed_high_dose_vitd_calcium_20260601T192944_fa5dea8b,likely_exclude,,nonhuman or nonclinical terms: rat; cat,rule_based_classifier_v1,20260603
pubmed:41940240:pubmed_high_dose_vitd_calcium_20260601T192944_fa5dea8b,likely_exclude,,nonhuman or nonclinical terms: rat,rule_based_classifier_v1,20260603
pubmed:41935769:pubmed_high_dose_vitd_calcium_20260601T192944_fa5dea8b,likely_exclude,,nonhuman or nonclinical terms: rat; cat,rule_based_classifier_v1,20260603
pubmed:41935325:pubmed_high_dose_vitd_calcium_20260601T192944_fa5dea8b,likely_exclude,,nonhuman or nonclinical terms: rat,rule_based_classifier_v1,20260603
pubmed:41934468:pubmed_high_dose_vitd_calcium_20260601T192944_fa5dea8b,likely_exclude,,nonhuman or nonclinical terms: mouse; mice; rat; cat,rule_based_classifier_v1,20260603
pubmed:41930872:pubmed_high_dose_vitd_calcium_20260601T192944_fa5dea8b,likely_exclude,,nonhuman or nonclinical terms: mouse; rat; cat; in vitro,rule_based_classifier_v1,20260603
pubmed:41928901:pubmed_high_dose_vitd_calcium_20260601T192944_fa5dea8b,likely_exclude,,nonhuman or nonclinical terms: cat,rule_based_classifier_v1,20260603
pubmed:41923194:pubmed_high_dose_vitd_calcium_20260601T192944_fa5dea8b,likely_exclude,,nonhuman or nonclinical terms: rat,rule_based_classifier_v1,20260603
pubmed:41922680:pubmed_high_dose_vitd_calcium_20260601T192944_fa5dea8b,likely_exclude,,nonhuman or nonclinical terms: mouse; rat; in vitro,rule_based_classifier_v1,20260603
pubmed:41921771:pubmed_high_dose_vitd_calcium_20260601T192944_fa5dea8b,likely_exclude,,nonhuman or nonclinical terms: rat,rule_based_classifier_v1,20260603
pubmed:41917895:pubmed_high_dose_vitd_calcium_20260601T192944_fa5dea8b,likely_exclude,,nonhuman or nonclinical terms: rat,rule_based_classifier_v1,20260603
pubmed:41917886:pubmed_high_dose_vitd_calcium_20260601T192944_fa5dea8b,likely_exclude,,nonhuman or nonclinical terms: rat,rule_based_classifier_v1,20260603
pubmed:41917799:pubmed_high_dose_vitd_calcium_20260601T192944_fa5dea8b,likely_exclude,,nonhuman or nonclinical terms: mice; rat,rule_based_classifier_v1,20260603
pubmed:41909156:pubmed_high_dose_vitd_calcium_20260601T192944_fa5dea8b,likely_exclude,,nonhuman or nonclinical terms: rat,rule_based_classifier_v1,20260603
pubmed:42182331:pubmed_b6_bcomplex_neuropathy_20260601T192952_ec2756d2,likely_exclude,,nonhuman or nonclinical terms: mouse; mice; rat; cat,rule_based_classifier_v1,20260603
pubmed:42161587:pubmed_b6_bcomplex_neuropathy_20260601T192952_ec2756d2,likely_exclude,,nonhuman or nonclinical terms: rat; cat,rule_based_classifier_v1,20260603
pubmed:42137389:pubmed_b6_bcomplex_neuropathy_20260601T192952_ec2756d2,likely_exclude,,nonhuman or nonclinical terms: rat,rule_based_classifier_v1,20260603
pubmed:42122249:pubmed_b6_bcomplex_neuropathy_20260601T192952_ec2756d2,likely_exclude,,nonhuman or nonclinical terms: rat,rule_based_classifier_v1,20260603
pubmed:42106643:pubmed_b6_bcomplex_neuropathy_20260601T192952_ec2756d2,include_candidate,,"title/abstract matches population, ingredient, and safety outcome",rule_based_classifier_v1,20260603
pubmed:42063363:pubmed_b6_bcomplex_neuropathy_20260601T192952_ec2756d2,likely_exclude,,nonhuman or nonclinical terms: rat; pig,rule_based_classifier_v1,20260603
pubmed:42029414:pubmed_b6_bcomplex_neuropathy_20260601T192952_ec2756d2,likely_exclude,,nonhuman or nonclinical terms: rat; cat,rule_based_classifier_v1,20260603
pubmed:42017538:pubmed_b6_bcomplex_neuropathy_20260601T192952_ec2756d2,likely_exclude,,nonhuman or nonclinical terms: rat,rule_based_classifier_v1,20260603
pubmed:41942316:pubmed_b6_bcomplex_neuropathy_20260601T192952_ec2756d2,likely_exclude,,nonhuman or nonclinical terms: rat,rule_based_classifier_v1,20260603
pubmed:41928196:pubmed_b6_bcomplex_neuropathy_20260601T192952_ec2756d2,likely_exclude,,nonhuman or nonclinical terms: rat; cat,rule_based_classifier_v1,20260603
pubmed:41900781:pubmed_b6_bcomplex_neuropathy_20260601T192952_ec2756d2,likely_exclude,,nonhuman or nonclinical terms: rat,rule_based_classifier_v1,20260603
pubmed:41835766:pubmed_b6_bcomplex_neuropathy_20260601T192952_ec2756d2,likely_exclude,,nonhuman or nonclinical terms: rat,rule_based_classifier_v1,20260603
pubmed:41734103:pubmed_b6_bcomplex_neuropathy_20260601T192952_ec2756d2,likely_exclude,,nonhuman or nonclinical terms: rat; cat,rule_based_classifier_v1,20260603
pubmed:41692080:pubmed_b6_bcomplex_neuropathy_20260601T192952_ec2756d2,likely_exclude,,nonhuman or nonclinical terms: rat; cat,rule_based_classifier_v1,20260603
pubmed:41622521:pubmed_b6_bcomplex_neuropathy_20260601T192952_ec2756d2,likely_exclude,,nonhuman or nonclinical terms: cat,rule_based_classifier_v1,20260603
pubmed:41615824:pubmed_b6_bcomplex_neuropathy_20260601T192952_ec2756d2,likely_exclude,,nonhuman or nonclinical terms: rat,rule_based_classifier_v1,20260603
pubmed:41590508:pubmed_b6_bcomplex_neuropathy_20260601T192952_ec2756d2,likely_exclude,,nonhuman or nonclinical terms: rat,rule_based_classifier_v1,20260603
pubmed:41559559:pubmed_b6_bcomplex_neuropathy_20260601T192952_ec2756d2,likely_exclude,,nonhuman or nonclinical terms: rat; cat,rule_based_classifier_v1,20260603
pubmed:41539356:pubmed_b6_bcomplex_neuropathy_20260601T192952_ec2756d2,likely_exclude,,nonhuman or nonclinical terms: rat; cat,rule_based_classifier_v1,20260603
pubmed:41475853:pubmed_b6_bcomplex_neuropathy_20260601T192952_ec2756d2,likely_exclude,,nonhuman or nonclinical terms: rat; cat,rule_based_classifier_v1,20260603
pubmed:41440136:pubmed_b6_bcomplex_neuropathy_20260601T192952_ec2756d2,likely_exclude,,nonhuman or nonclinical terms: rat; cat; in vitro,rule_based_classifier_v1,20260603
pubmed:41431308:pubmed_b6_bcomplex_neuropathy_20260601T192952_ec2756d2,likely_exclude,,nonhuman or nonclinical terms: rat; cat,rule_based_classifier_v1,20260603
pubmed:41385215:pubmed_b6_bcomplex_neuropathy_20260601T192952_ec2756d2,likely_exclude,,nonhuman or nonclinical terms: rat,rule_based_classifier_v1,20260603
pubmed:41361445:pubmed_b6_bcomplex_neuropathy_20260601T192952_ec2756d2,likely_exclude,,nonhuman or nonclinical terms: rat; cat,rule_based_classifier_v1,20260603
pubmed:41352035:pubmed_b6_bcomplex_neuropathy_20260601T192952_ec2756d2,likely_exclude,,nonhuman or nonclinical terms: cat,rule_based_classifier_v1,20260603
pubmed:41295274:pubmed_b6_bcomplex_neuropathy_20260601T192952_ec2756d2,likely_exclude,,nonhuman or nonclinical terms: rat; cat,rule_based_classifier_v1,20260603
pubmed:41221123:pubmed_b6_bcomplex_neuropathy_20260601T192952_ec2756d2,likely_exclude,,nonhuman or nonclinical terms: mouse; mice; rat; cat,rule_based_classifier_v1,20260603
pubmed:41211168:pubmed_b6_bcomplex_neuropathy_20260601T192952_ec2756d2,likely_exclude,,nonhuman or nonclinical terms: rat,rule_based_classifier_v1,20260603
pubmed:41158987:pubmed_b6_bcomplex_neuropathy_20260601T192952_ec2756d2,likely_exclude,,nonhuman or nonclinical terms: rat; cat,rule_based_classifier_v1,20260603
pubmed:41149778:pubmed_b6_bcomplex_neuropathy_20260601T192952_ec2756d2,likely_exclude,,nonhuman or nonclinical terms: rat; cat,rule_based_classifier_v1,20260603
pubmed:41133339:pubmed_b6_bcomplex_neuropathy_20260601T192952_ec2756d2,include_candidate,,"title/abstract matches population, ingredient, and safety outcome",rule_based_classifier_v1,20260603
pubmed:41111862:pubmed_b6_bcomplex_neuropathy_20260601T192952_ec2756d2,likely_exclude,,nonhuman or nonclinical terms: rat,rule_based_classifier_v1,20260603
pubmed:41012503:pubmed_b6_bcomplex_neuropathy_20260601T192952_ec2756d2,likely_exclude,,nonhuman or nonclinical terms: rat; cat; in vitro,rule_based_classifier_v1,20260603
pubmed:41010482:pubmed_b6_bcomplex_neuropathy_20260601T192952_ec2756d2,likely_exclude,,nonhuman or nonclinical terms: rat,rule_based_classifier_v1,20260603
pubmed:40996763:pubmed_b6_bcomplex_neuropathy_20260601T192952_ec2756d2,likely_exclude,,nonhuman or nonclinical terms: rat; in vitro,rule_based_classifier_v1,20260603
pubmed:40913882:pubmed_b6_bcomplex_neuropathy_20260601T192952_ec2756d2,likely_exclude,,nonhuman or nonclinical terms: rat,rule_based_classifier_v1,20260603
pubmed:40853095:pubmed_b6_bcomplex_neuropathy_20260601T192952_ec2756d2,likely_exclude,,nonhuman or nonclinical terms: rat; cat,rule_based_classifier_v1,20260603
pubmed:40843754:pubmed_b6_bcomplex_neuropathy_20260601T192952_ec2756d2,likely_exclude,,nonhuman or nonclinical terms: rat; cat,rule_based_classifier_v1,20260603
pubmed:40809450:pubmed_b6_bcomplex_neuropathy_20260601T192952_ec2756d2,likely_exclude,,nonhuman or nonclinical terms: rat,rule_based_classifier_v1,20260603
pubmed:40754968:pubmed_b6_bcomplex_neuropathy_20260601T192952_ec2756d2,include_candidate,,"title/abstract matches population, ingredient, and safety outcome",rule_based_classifier_v1,20260603
pubmed:40751583:pubmed_b6_bcomplex_neuropathy_20260601T192952_ec2756d2,likely_exclude,,nonhuman or nonclinical terms: rat,rule_based_classifier_v1,20260603
pubmed:40714656:pubmed_b6_bcomplex_neuropathy_20260601T192952_ec2756d2,likely_exclude,,nonhuman or nonclinical terms: rat; cat,rule_based_classifier_v1,20260603
pubmed:40645780:pubmed_b6_bcomplex_neuropathy_20260601T192952_ec2756d2,likely_exclude,,nonhuman or nonclinical terms: cat,rule_based_classifier_v1,20260603
pubmed:40636590:pubmed_b6_bcomplex_neuropathy_20260601T192952_ec2756d2,likely_exclude,,nonhuman or nonclinical terms: rat; cat,rule_based_classifier_v1,20260603
pubmed:40625625:pubmed_b6_bcomplex_neuropathy_20260601T192952_ec2756d2,likely_exclude,,nonhuman or nonclinical terms: cat,rule_based_classifier_v1,20260603
pubmed:40611181:pubmed_b6_bcomplex_neuropathy_20260601T192952_ec2756d2,likely_exclude,,nonhuman or nonclinical terms: rat; cat,rule_based_classifier_v1,20260603
pubmed:40584106:pubmed_b6_bcomplex_neuropathy_20260601T192952_ec2756d2,likely_exclude,,nonhuman or nonclinical terms: rat; rats; cat; pig; in vitro,rule_based_classifier_v1,20260603
pubmed:40463402:pubmed_b6_bcomplex_neuropathy_20260601T192952_ec2756d2,include_candidate,,"title/abstract matches population, ingredient, and safety outcome",rule_based_classifier_v1,20260603
pubmed:42219438:pubmed_mineral_gi_interaction_20260601T193000_73edf5ef,likely_exclude,,nonhuman or nonclinical terms: rat; cat; pig,rule_based_classifier_v1,20260603
pubmed:42218825:pubmed_mineral_gi_interaction_20260601T193000_73edf5ef,likely_exclude,,nonhuman or nonclinical terms: broiler; cat,rule_based_classifier_v1,20260603
pubmed:42217623:pubmed_mineral_gi_interaction_20260601T193000_73edf5ef,likely_exclude,,nonhuman or nonclinical terms: rat; cat,rule_based_classifier_v1,20260603
pubmed:42216694:pubmed_mineral_gi_interaction_20260601T193000_73edf5ef,likely_exclude,,nonhuman or nonclinical terms: rat,rule_based_classifier_v1,20260603
pubmed:42213695:pubmed_mineral_gi_interaction_20260601T193000_73edf5ef,exclude_duplicate,,duplicate record marked by deduplication step,rule_based_classifier_v1,20260603
pubmed:42209618:pubmed_mineral_gi_interaction_20260601T193000_73edf5ef,likely_exclude,,nonhuman or nonclinical terms: rat; cat,rule_based_classifier_v1,20260603
pubmed:42207388:pubmed_mineral_gi_interaction_20260601T193000_73edf5ef,likely_exclude,,nonhuman or nonclinical terms: cat,rule_based_classifier_v1,20260603
pubmed:42201017:pubmed_mineral_gi_interaction_20260601T193000_73edf5ef,likely_exclude,,nonhuman or nonclinical terms: rat; cat,rule_based_classifier_v1,20260603
pubmed:42198820:pubmed_mineral_gi_interaction_20260601T193000_73edf5ef,likely_exclude,,nonhuman or nonclinical terms: rat,rule_based_classifier_v1,20260603
pubmed:42197003:pubmed_mineral_gi_interaction_20260601T193000_73edf5ef,likely_exclude,,nonhuman or nonclinical terms: rat,rule_based_classifier_v1,20260603
pubmed:42196945:pubmed_mineral_gi_interaction_20260601T193000_73edf5ef,likely_exclude,,nonhuman or nonclinical terms: rat; cat,rule_based_classifier_v1,20260603
pubmed:42194759:pubmed_mineral_gi_interaction_20260601T193000_73edf5ef,likely_exclude,,nonhuman or nonclinical terms: rat,rule_based_classifier_v1,20260603
pubmed:42194653:pubmed_mineral_gi_interaction_20260601T193000_73edf5ef,likely_exclude,,nonhuman or nonclinical terms: rat; cat,rule_based_classifier_v1,20260603
pubmed:42193244:pubmed_mineral_gi_interaction_20260601T193000_73edf5ef,likely_exclude,,nonhuman or nonclinical terms: rat; pig,rule_based_classifier_v1,20260603
pubmed:42182979:pubmed_mineral_gi_interaction_20260601T193000_73edf5ef,exclude_duplicate,,duplicate record marked by deduplication step,rule_based_classifier_v1,20260603
pubmed:42182005:pubmed_mineral_gi_interaction_20260601T193000_73edf5ef,likely_exclude,,nonhuman or nonclinical terms: rat; cat,rule_based_classifier_v1,20260603
pubmed:42181337:pubmed_mineral_gi_interaction_20260601T193000_73edf5ef,exclude_duplicate,,duplicate record marked by deduplication step,rule_based_classifier_v1,20260603
pubmed:42181090:pubmed_mineral_gi_interaction_20260601T193000_73edf5ef,likely_exclude,,nonhuman or nonclinical terms: rat; cat; pig,rule_based_classifier_v1,20260603
pubmed:42179277:pubmed_mineral_gi_interaction_20260601T193000_73edf5ef,exclude_duplicate,,duplicate record marked by deduplication step,rule_based_classifier_v1,20260603
pubmed:42178031:pubmed_mineral_gi_interaction_20260601T193000_73edf5ef,likely_exclude,,nonhuman or nonclinical terms: rat; cat,rule_based_classifier_v1,20260603
pubmed:42175738:pubmed_mineral_gi_interaction_20260601T193000_73edf5ef,likely_exclude,,nonhuman or nonclinical terms: rat; cat,rule_based_classifier_v1,20260603
pubmed:42174738:pubmed_mineral_gi_interaction_20260601T193000_73edf5ef,likely_exclude,,nonhuman or nonclinical terms: rat,rule_based_classifier_v1,20260603
pubmed:42173557:pubmed_mineral_gi_interaction_20260601T193000_73edf5ef,likely_exclude,,nonhuman or nonclinical terms: rat; cat,rule_based_classifier_v1,20260603
pubmed:42172659:pubmed_mineral_gi_interaction_20260601T193000_73edf5ef,likely_exclude,,nonhuman or nonclinical terms: rat; cat,rule_based_classifier_v1,20260603
pubmed:42171972:pubmed_mineral_gi_interaction_20260601T193000_73edf5ef,likely_exclude,,nonhuman or nonclinical terms: rat; cat,rule_based_classifier_v1,20260603
pubmed:42169402:pubmed_mineral_gi_interaction_20260601T193000_73edf5ef,likely_exclude,,nonhuman or nonclinical terms: rat; cat,rule_based_classifier_v1,20260603
pubmed:42163418:pubmed_mineral_gi_interaction_20260601T193000_73edf5ef,likely_exclude,,nonhuman or nonclinical terms: rat; cat,rule_based_classifier_v1,20260603
pubmed:42160939:pubmed_mineral_gi_interaction_20260601T193000_73edf5ef,likely_exclude,,nonhuman or nonclinical terms: mice; rat; in vitro; molecular docking,rule_based_classifier_v1,20260603
pubmed:42158881:pubmed_mineral_gi_interaction_20260601T193000_73edf5ef,exclude_duplicate,,duplicate record marked by deduplication step,rule_based_classifier_v1,20260603
pubmed:42158645:pubmed_mineral_gi_interaction_20260601T193000_73edf5ef,likely_exclude,,nonhuman or nonclinical terms: rat; cat,rule_based_classifier_v1,20260603
pubmed:42157941:pubmed_mineral_gi_interaction_20260601T193000_73edf5ef,likely_exclude,,nonhuman or nonclinical terms: rat; cat,rule_based_classifier_v1,20260603
pubmed:42156079:pubmed_mineral_gi_interaction_20260601T193000_73edf5ef,likely_exclude,,nonhuman or nonclinical terms: rat,rule_based_classifier_v1,20260603
pubmed:42152139:pubmed_mineral_gi_interaction_20260601T193000_73edf5ef,likely_exclude,,nonhuman or nonclinical terms: rat; cat,rule_based_classifier_v1,20260603
pubmed:42147788:pubmed_mineral_gi_interaction_20260601T193000_73edf5ef,exclude_duplicate,,duplicate record marked by deduplication step,rule_based_classifier_v1,20260603
pubmed:42144902:pubmed_mineral_gi_interaction_20260601T193000_73edf5ef,exclude_duplicate,,duplicate record marked by deduplication step,rule_based_classifier_v1,20260603
pubmed:42143473:pubmed_mineral_gi_interaction_20260601T193000_73edf5ef,likely_exclude,,nonhuman or nonclinical terms: rat; cat,rule_based_classifier_v1,20260603
pubmed:42142201:pubmed_mineral_gi_interaction_20260601T193000_73edf5ef,exclude_duplicate,,duplicate record marked by deduplication step,rule_based_classifier_v1,20260603
pubmed:42141851:pubmed_mineral_gi_interaction_20260601T193000_73edf5ef,likely_exclude,,nonhuman or nonclinical terms: rat; cat; pig,rule_based_classifier_v1,20260603
pubmed:42135948:pubmed_mineral_gi_interaction_20260601T193000_73edf5ef,likely_exclude,,nonhuman or nonclinical terms: rat; cat,rule_based_classifier_v1,20260603
pubmed:42135934:pubmed_mineral_gi_interaction_20260601T193000_73edf5ef,likely_exclude,,nonhuman or nonclinical terms: rat; cat,rule_based_classifier_v1,20260603
pubmed:42134142:pubmed_mineral_gi_interaction_20260601T193000_73edf5ef,likely_exclude,,nonhuman or nonclinical terms: rat; broiler; cat,rule_based_classifier_v1,20260603
pubmed:42132970:pubmed_mineral_gi_interaction_20260601T193000_73edf5ef,likely_exclude,,nonhuman or nonclinical terms: rat; cat,rule_based_classifier_v1,20260603
pubmed:42132028:pubmed_mineral_gi_interaction_20260601T193000_73edf5ef,include_candidate,,"title/abstract matches population, ingredient, and safety outcome",rule_based_classifier_v1,20260603
pubmed:42130995:pubmed_mineral_gi_interaction_20260601T193000_73edf5ef,exclude_duplicate,,duplicate record marked by deduplication step,rule_based_classifier_v1,20260603
pubmed:42130673:pubmed_mineral_gi_interaction_20260601T193000_73edf5ef,exclude_duplicate,,duplicate record marked by deduplication step,rule_based_classifier_v1,20260603
pubmed:42129691:pubmed_mineral_gi_interaction_20260601T193000_73edf5ef,likely_exclude,,nonhuman or nonclinical terms: rat,rule_based_classifier_v1,20260603
pubmed:42129010:pubmed_mineral_gi_interaction_20260601T193000_73edf5ef,exclude_duplicate,,duplicate record marked by deduplication step,rule_based_classifier_v1,20260603
pubmed:42126811:pubmed_mineral_gi_interaction_20260601T193000_73edf5ef,likely_exclude,,nonhuman or nonclinical terms: rat,rule_based_classifier_v1,20260603
pubmed:42126511:pubmed_mineral_gi_interaction_20260601T193000_73edf5ef,likely_exclude,,nonhuman or nonclinical terms: rat; cat,rule_based_classifier_v1,20260603
pubmed:42124000:pubmed_mineral_gi_interaction_20260601T193000_73edf5ef,likely_exclude,,nonhuman or nonclinical terms: rat,rule_based_classifier_v1,20260603
pubmed:36906146:pubmed_high_dose_vitd_calcium_20260603T125913_945276c0,likely_exclude,,nonhuman or nonclinical terms: rat; cat; pig,rule_based_classifier_v1,20260603
pubmed:34774245:pubmed_high_dose_vitd_calcium_20260603T125913_945276c0,likely_exclude,,nonhuman or nonclinical terms: rat,rule_based_classifier_v1,20260603
pubmed:30294301:pubmed_high_dose_vitd_calcium_20260603T125913_945276c0,likely_exclude,,nonhuman or nonclinical terms: rat; cat,rule_based_classifier_v1,20260603
pubmed:18689406:pubmed_high_dose_vitd_calcium_20260603T125913_945276c0,likely_exclude,,nonhuman or nonclinical terms: rat; cat,rule_based_classifier_v1,20260603
pubmed:38814276:pubmed_high_dose_vitd_calcium_20260603T125913_945276c0,likely_exclude,,nonhuman or nonclinical terms: rat; cat,rule_based_classifier_v1,20260603
pubmed:28216084:pubmed_high_dose_vitd_calcium_20260603T125913_945276c0,likely_exclude,,nonhuman or nonclinical terms: rat,rule_based_classifier_v1,20260603
pubmed:35575431:pubmed_high_dose_vitd_calcium_20260603T125913_945276c0,likely_exclude,,nonhuman or nonclinical terms: rat; cat,rule_based_classifier_v1,20260603
pubmed:34959915:pubmed_high_dose_vitd_calcium_20260603T125913_945276c0,likely_exclude,,nonhuman or nonclinical terms: rat,rule_based_classifier_v1,20260603
pubmed:34969941:pubmed_high_dose_vitd_calcium_20260603T125913_945276c0,likely_exclude,,nonhuman or nonclinical terms: rat; cat,rule_based_classifier_v1,20260603
pubmed:30449546:pubmed_high_dose_vitd_calcium_20260603T125913_945276c0,likely_exclude,,nonhuman or nonclinical terms: rat,rule_based_classifier_v1,20260603
pubmed:37976176:pubmed_high_dose_vitd_calcium_20260603T125913_945276c0,likely_exclude,,nonhuman or nonclinical terms: rat; cat,rule_based_classifier_v1,20260603
pubmed:25031016:pubmed_high_dose_vitd_calcium_20260603T125913_945276c0,likely_exclude,,nonhuman or nonclinical terms: rat; cat,rule_based_classifier_v1,20260603
pubmed:2648666:pubmed_high_dose_vitd_calcium_20260603T125913_945276c0,likely_exclude,,nonhuman or nonclinical terms: cat; cats,rule_based_classifier_v1,20260603
pubmed:35639792:pubmed_high_dose_vitd_calcium_20260603T125913_945276c0,likely_exclude,,nonhuman or nonclinical terms: rat; cat,rule_based_classifier_v1,20260603
pubmed:39275206:pubmed_high_dose_vitd_calcium_20260603T125913_945276c0,likely_exclude,,nonhuman or nonclinical terms: rat,rule_based_classifier_v1,20260603
pubmed:2645429:pubmed_high_dose_vitd_calcium_20260603T125913_945276c0,likely_exclude,,nonhuman or nonclinical terms: rat,rule_based_classifier_v1,20260603
pubmed:11195313:pubmed_high_dose_vitd_calcium_20260603T125913_945276c0,likely_exclude,,nonhuman or nonclinical terms: rat; cat,rule_based_classifier_v1,20260603
pubmed:22734293:pubmed_high_dose_vitd_calcium_20260603T125913_945276c0,likely_exclude,,nonhuman or nonclinical terms: rat; cat,rule_based_classifier_v1,20260603
pubmed:8483281:pubmed_high_dose_vitd_calcium_20260603T125913_945276c0,likely_exclude,,nonhuman or nonclinical terms: rat,rule_based_classifier_v1,20260603
pubmed:16515769:pubmed_high_dose_vitd_calcium_20260603T125913_945276c0,likely_exclude,,nonhuman or nonclinical terms: rat,rule_based_classifier_v1,20260603
pubmed:40610079:pubmed_high_dose_vitd_calcium_20260603T125913_945276c0,likely_exclude,,nonhuman or nonclinical terms: rat,rule_based_classifier_v1,20260603
pubmed:29562593:pubmed_high_dose_vitd_calcium_20260603T125913_945276c0,likely_exclude,,nonhuman or nonclinical terms: rat,rule_based_classifier_v1,20260603
pubmed:39337491:pubmed_high_dose_vitd_calcium_20260603T125913_945276c0,likely_exclude,,nonhuman or nonclinical terms: rat; cat,rule_based_classifier_v1,20260603
pubmed:30601231:pubmed_high_dose_vitd_calcium_20260603T125913_945276c0,likely_exclude,,nonhuman or nonclinical terms: rat,rule_based_classifier_v1,20260603
pubmed:15570055:pubmed_high_dose_vitd_calcium_20260603T125913_945276c0,likely_exclude,,nonhuman or nonclinical terms: mouse; mice; rat,rule_based_classifier_v1,20260603
pubmed:36645022:pubmed_high_dose_vitd_calcium_20260603T125913_945276c0,likely_exclude,,nonhuman or nonclinical terms: rat; cat; cats,rule_based_classifier_v1,20260603
pubmed:21775970:pubmed_high_dose_vitd_calcium_20260603T125913_945276c0,likely_exclude,,nonhuman or nonclinical terms: rat; cat,rule_based_classifier_v1,20260603
pubmed:37049567:pubmed_high_dose_vitd_calcium_20260603T125913_945276c0,likely_exclude,,nonhuman or nonclinical terms: rat; cat,rule_based_classifier_v1,20260603
pubmed:16775455:pubmed_high_dose_vitd_calcium_20260603T125913_945276c0,likely_exclude,,nonhuman or nonclinical terms: rat; rats; cat,rule_based_classifier_v1,20260603
pubmed:34857184:pubmed_high_dose_vitd_calcium_20260603T125913_945276c0,likely_exclude,,nonhuman or nonclinical terms: rat,rule_based_classifier_v1,20260603
pubmed:22470872:pubmed_high_dose_vitd_calcium_20260603T125913_945276c0,likely_exclude,,nonhuman or nonclinical terms: rat,rule_based_classifier_v1,20260603
pubmed:40551736:pubmed_high_dose_vitd_calcium_20260603T125913_945276c0,likely_exclude,,nonhuman or nonclinical terms: rat; cat,rule_based_classifier_v1,20260603
pubmed:2197848:pubmed_high_dose_vitd_calcium_20260603T125913_945276c0,manual_review_low,,partial keyword match only,rule_based_classifier_v1,20260603
pubmed:41076359:pubmed_high_dose_vitd_calcium_20260603T125913_945276c0,likely_exclude,,nonhuman or nonclinical terms: rat; cat,rule_based_classifier_v1,20260603
pubmed:25188231:pubmed_high_dose_vitd_calcium_20260603T125913_945276c0,likely_exclude,,nonhuman or nonclinical terms: rat,rule_based_classifier_v1,20260603
pubmed:33213577:pubmed_high_dose_vitd_calcium_20260603T125913_945276c0,likely_exclude,,nonhuman or nonclinical terms: rat; cat,rule_based_classifier_v1,20260603
pubmed:33659946:pubmed_high_dose_vitd_calcium_20260603T125913_945276c0,likely_exclude,,nonhuman or nonclinical terms: rat; cat,rule_based_classifier_v1,20260603
pubmed:32857334:pubmed_high_dose_vitd_calcium_20260603T125913_945276c0,include_candidate,,"title/abstract matches population, ingredient, and safety outcome",rule_based_classifier_v1,20260603
pubmed:38723841:pubmed_high_dose_vitd_calcium_20260603T125913_945276c0,likely_exclude,,nonhuman or nonclinical terms: rat; cat,rule_based_classifier_v1,20260603
pubmed:31729369:pubmed_high_dose_vitd_calcium_20260603T125913_945276c0,likely_exclude,,nonhuman or nonclinical terms: rat; cat; in vitro,rule_based_classifier_v1,20260603
pubmed:33136356:pubmed_high_dose_vitd_calcium_20260603T125913_945276c0,likely_exclude,,nonhuman or nonclinical terms: rat,rule_based_classifier_v1,20260603
pubmed:10417956:pubmed_high_dose_vitd_calcium_20260603T125913_945276c0,likely_exclude,,nonhuman or nonclinical terms: rat,rule_based_classifier_v1,20260603
pubmed:37505607:pubmed_high_dose_vitd_calcium_20260603T125913_945276c0,likely_exclude,,nonhuman or nonclinical terms: rat; cat,rule_based_classifier_v1,20260603
pubmed:10232622:pubmed_high_dose_vitd_calcium_20260603T125913_945276c0,likely_exclude,,nonhuman or nonclinical terms: rat; cat,rule_based_classifier_v1,20260603
pubmed:39931063:pubmed_high_dose_vitd_calcium_20260603T125913_945276c0,likely_exclude,,nonhuman or nonclinical terms: mouse; rat; cat; in vitro,rule_based_classifier_v1,20260603
pubmed:31718265:pubmed_high_dose_vitd_calcium_20260603T125913_945276c0,likely_exclude,,nonhuman or nonclinical terms: rat,rule_based_classifier_v1,20260603
pubmed:26816771:pubmed_high_dose_vitd_calcium_20260603T125913_945276c0,likely_exclude,,nonhuman or nonclinical terms: rat; cat,rule_based_classifier_v1,20260603
pubmed:20511052:pubmed_high_dose_vitd_calcium_20260603T125913_945276c0,likely_exclude,,nonhuman or nonclinical terms: rat,rule_based_classifier_v1,20260603
pubmed:6765068:pubmed_high_dose_vitd_calcium_20260603T125913_945276c0,likely_exclude,,nonhuman or nonclinical terms: rat; cat,rule_based_classifier_v1,20260603
pubmed:32532150:pubmed_high_dose_vitd_calcium_20260603T125913_945276c0,likely_exclude,,nonhuman or nonclinical terms: rat; cat,rule_based_classifier_v1,20260603
pubmed:37304381:pubmed_high_dose_vitd_calcium_20260603T125913_945276c0,likely_exclude,,nonhuman or nonclinical terms: rat; cat,rule_based_classifier_v1,20260603
pubmed:35352189:pubmed_high_dose_vitd_calcium_20260603T125913_945276c0,likely_exclude,,nonhuman or nonclinical terms: rat; cat,rule_based_classifier_v1,20260603
pubmed:19364661:pubmed_high_dose_vitd_calcium_20260603T125913_945276c0,likely_exclude,,nonhuman or nonclinical terms: rat,rule_based_classifier_v1,20260603
pubmed:32188044:pubmed_high_dose_vitd_calcium_20260603T125913_945276c0,likely_exclude,,nonhuman or nonclinical terms: rat; cat,rule_based_classifier_v1,20260603
pubmed:32161591:pubmed_high_dose_vitd_calcium_20260603T125913_945276c0,likely_exclude,,nonhuman or nonclinical terms: rat,rule_based_classifier_v1,20260603
pubmed:39969362:pubmed_high_dose_vitd_calcium_20260603T125913_945276c0,likely_exclude,,nonhuman or nonclinical terms: rat; cat,rule_based_classifier_v1,20260603
pubmed:18844846:pubmed_high_dose_vitd_calcium_20260603T125913_945276c0,likely_exclude,,nonhuman or nonclinical terms: rat; cat,rule_based_classifier_v1,20260603
pubmed:35565910:pubmed_high_dose_vitd_calcium_20260603T125913_945276c0,likely_exclude,,nonhuman or nonclinical terms: rat,rule_based_classifier_v1,20260603
pubmed:28734988:pubmed_high_dose_vitd_calcium_20260603T125913_945276c0,likely_exclude,,nonhuman or nonclinical terms: cat,rule_based_classifier_v1,20260603
pubmed:24456284:pubmed_high_dose_vitd_calcium_20260603T125913_945276c0,likely_exclude,,nonhuman or nonclinical terms: rat; cat,rule_based_classifier_v1,20260603
pubmed:32652950:pubmed_high_dose_vitd_calcium_20260603T125913_945276c0,include_candidate,,"title/abstract matches population, ingredient, and safety outcome",rule_based_classifier_v1,20260603
pubmed:7984788:pubmed_high_dose_vitd_calcium_20260603T125913_945276c0,likely_exclude,,nonhuman or nonclinical terms: rat; cat,rule_based_classifier_v1,20260603
pubmed:30632117:pubmed_high_dose_vitd_calcium_20260603T125913_945276c0,likely_exclude,,nonhuman or nonclinical terms: rat,rule_based_classifier_v1,20260603
pubmed:32063764:pubmed_high_dose_vitd_calcium_20260603T125913_945276c0,likely_exclude,,nonhuman or nonclinical terms: rat; cat,rule_based_classifier_v1,20260603
pubmed:41683299:pubmed_high_dose_vitd_calcium_20260603T125913_945276c0,likely_exclude,,nonhuman or nonclinical terms: rat,rule_based_classifier_v1,20260603
pubmed:35975961:pubmed_high_dose_vitd_calcium_20260603T125913_945276c0,likely_exclude,,nonhuman or nonclinical terms: rat,rule_based_classifier_v1,20260603
pubmed:23001438:pubmed_high_dose_vitd_calcium_20260603T125913_945276c0,likely_exclude,,nonhuman or nonclinical terms: pig,rule_based_classifier_v1,20260603
pubmed:12474635:pubmed_high_dose_vitd_calcium_20260603T125913_945276c0,likely_exclude,,nonhuman or nonclinical terms: rat,rule_based_classifier_v1,20260603
pubmed:18290725:pubmed_high_dose_vitd_calcium_20260603T125913_945276c0,likely_exclude,,nonhuman or nonclinical terms: rat,rule_based_classifier_v1,20260603
pubmed:26473773:pubmed_high_dose_vitd_calcium_20260603T125913_945276c0,likely_exclude,,nonhuman or nonclinical terms: rat,rule_based_classifier_v1,20260603
pubmed:36654561:pubmed_high_dose_vitd_calcium_20260603T125913_945276c0,likely_exclude,,nonhuman or nonclinical terms: rat,rule_based_classifier_v1,20260603
pubmed:30529281:pubmed_high_dose_vitd_calcium_20260603T125913_945276c0,likely_exclude,,nonhuman or nonclinical terms: cat,rule_based_classifier_v1,20260603
pubmed:38397979:pubmed_high_dose_vitd_calcium_20260603T125913_945276c0,likely_exclude,,nonhuman or nonclinical terms: rat,rule_based_classifier_v1,20260603
pubmed:37090466:pubmed_high_dose_vitd_calcium_20260603T125913_945276c0,likely_exclude,,nonhuman or nonclinical terms: rat,rule_based_classifier_v1,20260603
pubmed:41828612:pubmed_high_dose_vitd_calcium_20260603T125913_945276c0,likely_exclude,,nonhuman or nonclinical terms: rat; cat,rule_based_classifier_v1,20260603
pubmed:39413318:pubmed_high_dose_vitd_calcium_20260603T125913_945276c0,include_candidate,,"title/abstract matches population, ingredient, and safety outcome",rule_based_classifier_v1,20260603
pubmed:25511115:pubmed_high_dose_vitd_calcium_20260603T125913_945276c0,likely_exclude,,nonhuman or nonclinical terms: cat,rule_based_classifier_v1,20260603
pubmed:10511319:pubmed_high_dose_vitd_calcium_20260603T125913_945276c0,likely_exclude,,nonhuman or nonclinical terms: rat,rule_based_classifier_v1,20260603
pubmed:40433721:pubmed_high_dose_vitd_calcium_20260603T125913_945276c0,likely_exclude,,nonhuman or nonclinical terms: rat; cat,rule_based_classifier_v1,20260603
pubmed:33316222:pubmed_high_dose_vitd_calcium_20260603T125913_945276c0,likely_exclude,,nonhuman or nonclinical terms: rat,rule_based_classifier_v1,20260603
pubmed:33030138:pubmed_high_dose_vitd_calcium_20260603T125913_945276c0,likely_exclude,,nonhuman or nonclinical terms: rat; cat,rule_based_classifier_v1,20260603
pubmed:9387131:pubmed_high_dose_vitd_calcium_20260603T125913_945276c0,likely_exclude,,nonhuman or nonclinical terms: rat,rule_based_classifier_v1,20260603
pubmed:25290538:pubmed_high_dose_vitd_calcium_20260603T125913_945276c0,include_candidate,,"title/abstract matches population, ingredient, and safety outcome",rule_based_classifier_v1,20260603
pubmed:30851716:pubmed_high_dose_vitd_calcium_20260603T125913_945276c0,likely_exclude,,nonhuman or nonclinical terms: rat,rule_based_classifier_v1,20260603
pubmed:34258083:pubmed_high_dose_vitd_calcium_20260603T125913_945276c0,likely_exclude,,nonhuman or nonclinical terms: rat,rule_based_classifier_v1,20260603
pubmed:24753153:pubmed_high_dose_vitd_calcium_20260603T125913_945276c0,likely_exclude,,nonhuman or nonclinical terms: cat,rule_based_classifier_v1,20260603
pubmed:31605425:pubmed_high_dose_vitd_calcium_20260603T125913_945276c0,likely_exclude,,nonhuman or nonclinical terms: rat; cat,rule_based_classifier_v1,20260603
pubmed:12015155:pubmed_high_dose_vitd_calcium_20260603T125913_945276c0,likely_exclude,,nonhuman or nonclinical terms: rat,rule_based_classifier_v1,20260603
pubmed:30042334:pubmed_high_dose_vitd_calcium_20260603T125913_945276c0,likely_exclude,,nonhuman or nonclinical terms: rat; cat,rule_based_classifier_v1,20260603
pubmed:41499143:pubmed_high_dose_vitd_calcium_20260603T125913_945276c0,likely_exclude,,nonhuman or nonclinical terms: rat,rule_based_classifier_v1,20260603
pubmed:39868552:pubmed_high_dose_vitd_calcium_20260603T125913_945276c0,likely_exclude,,nonhuman or nonclinical terms: rat; cat,rule_based_classifier_v1,20260603
pubmed:25635597:pubmed_high_dose_vitd_calcium_20260603T125913_945276c0,include_candidate,,"title/abstract matches population, ingredient, and safety outcome",rule_based_classifier_v1,20260603
pubmed:32684163:pubmed_high_dose_vitd_calcium_20260603T125913_945276c0,likely_exclude,,nonhuman or nonclinical terms: rat; cat,rule_based_classifier_v1,20260603
pubmed:35420658:pubmed_high_dose_vitd_calcium_20260603T125913_945276c0,likely_exclude,,nonhuman or nonclinical terms: rat,rule_based_classifier_v1,20260603
pubmed:32777848:pubmed_high_dose_vitd_calcium_20260603T125913_945276c0,likely_exclude,,nonhuman or nonclinical terms: rat,rule_based_classifier_v1,20260603
pubmed:36235726:pubmed_high_dose_vitd_calcium_20260603T125913_945276c0,likely_exclude,,nonhuman or nonclinical terms: rat,rule_based_classifier_v1,20260603
pubmed:35516667:pubmed_high_dose_vitd_calcium_20260603T125913_945276c0,likely_exclude,,nonhuman or nonclinical terms: rat,rule_based_classifier_v1,20260603
pubmed:34083750:pubmed_high_dose_vitd_calcium_20260603T125913_945276c0,likely_exclude,,nonhuman or nonclinical terms: rat; cat,rule_based_classifier_v1,20260603
pubmed:37447150:pubmed_b6_bcomplex_neuropathy_20260603T125916_db015ab6,likely_exclude,,nonhuman or nonclinical terms: rat,rule_based_classifier_v1,20260603
pubmed:31515515:pubmed_b6_bcomplex_neuropathy_20260603T125916_db015ab6,likely_exclude,,nonhuman or nonclinical terms: rat; cat,rule_based_classifier_v1,20260603
pubmed:38311315:pubmed_b6_bcomplex_neuropathy_20260603T125916_db015ab6,likely_exclude,,nonhuman or nonclinical terms: rat; cat,rule_based_classifier_v1,20260603
pubmed:33912895:pubmed_b6_bcomplex_neuropathy_20260603T125916_db015ab6,likely_exclude,,nonhuman or nonclinical terms: rat,rule_based_classifier_v1,20260603
pubmed:31837157:pubmed_b6_bcomplex_neuropathy_20260603T125916_db015ab6,include_candidate,,"title/abstract matches population, ingredient, and safety outcome",rule_based_classifier_v1,20260603
pubmed:1463588:pubmed_b6_bcomplex_neuropathy_20260603T125916_db015ab6,likely_exclude,,nonhuman or nonclinical terms: rat; cat,rule_based_classifier_v1,20260603
pubmed:16155443:pubmed_b6_bcomplex_neuropathy_20260603T125916_db015ab6,likely_exclude,,nonhuman or nonclinical terms: cat,rule_based_classifier_v1,20260603
pubmed:30562392:pubmed_b6_bcomplex_neuropathy_20260603T125916_db015ab6,likely_exclude,,nonhuman or nonclinical terms: rat,rule_based_classifier_v1,20260603
pubmed:37786445:pubmed_b6_bcomplex_neuropathy_20260603T125916_db015ab6,likely_exclude,,nonhuman or nonclinical terms: rat,rule_based_classifier_v1,20260603
pubmed:36608063:pubmed_b6_bcomplex_neuropathy_20260603T125916_db015ab6,likely_exclude,,nonhuman or nonclinical terms: rat; cat,rule_based_classifier_v1,20260603
pubmed:36524152:pubmed_b6_bcomplex_neuropathy_20260603T125916_db015ab6,include_candidate,,"title/abstract matches population, ingredient, and safety outcome",rule_based_classifier_v1,20260603
pubmed:39339645:pubmed_b6_bcomplex_neuropathy_20260603T125916_db015ab6,likely_exclude,,nonhuman or nonclinical terms: rat,rule_based_classifier_v1,20260603
pubmed:6764730:pubmed_b6_bcomplex_neuropathy_20260603T125916_db015ab6,likely_exclude,,no target ingredient and safety outcome match,rule_based_classifier_v1,20260603
pubmed:1677062:pubmed_b6_bcomplex_neuropathy_20260603T125916_db015ab6,likely_exclude,,nonhuman or nonclinical terms: cat,rule_based_classifier_v1,20260603
pubmed:6087425:pubmed_b6_bcomplex_neuropathy_20260603T125916_db015ab6,likely_exclude,,nonhuman or nonclinical terms: rat; cat,rule_based_classifier_v1,20260603
pubmed:30022794:pubmed_b6_bcomplex_neuropathy_20260603T125916_db015ab6,likely_exclude,,nonhuman or nonclinical terms: rat; cat,rule_based_classifier_v1,20260603
pubmed:39135540:pubmed_b6_bcomplex_neuropathy_20260603T125916_db015ab6,likely_exclude,,nonhuman or nonclinical terms: rat,rule_based_classifier_v1,20260603
pubmed:30556597:pubmed_b6_bcomplex_neuropathy_20260603T125916_db015ab6,likely_exclude,,nonhuman or nonclinical terms: rat; cat,rule_based_classifier_v1,20260603
pubmed:33824024:pubmed_b6_bcomplex_neuropathy_20260603T125916_db015ab6,likely_exclude,,nonhuman or nonclinical terms: cat; pig,rule_based_classifier_v1,20260603
pubmed:41615824:pubmed_b6_bcomplex_neuropathy_20260603T125916_db015ab6,exclude_duplicate,,duplicate record marked by deduplication step,rule_based_classifier_v1,20260603
pubmed:30838307:pubmed_b6_bcomplex_neuropathy_20260603T125916_db015ab6,likely_exclude,,nonhuman or nonclinical terms: rat,rule_based_classifier_v1,20260603
pubmed:40636590:pubmed_b6_bcomplex_neuropathy_20260603T125916_db015ab6,exclude_duplicate,,duplicate record marked by deduplication step,rule_based_classifier_v1,20260603
pubmed:17872812:pubmed_b6_bcomplex_neuropathy_20260603T125916_db015ab6,likely_exclude,,nonhuman or nonclinical terms: rat; cat,rule_based_classifier_v1,20260603
pubmed:16625530:pubmed_b6_bcomplex_neuropathy_20260603T125916_db015ab6,likely_exclude,,nonhuman or nonclinical terms: rat; cat,rule_based_classifier_v1,20260603
pubmed:28233512:pubmed_b6_bcomplex_neuropathy_20260603T125916_db015ab6,likely_exclude,,nonhuman or nonclinical terms: rat; cat,rule_based_classifier_v1,20260603
pubmed:22426157:pubmed_b6_bcomplex_neuropathy_20260603T125916_db015ab6,likely_exclude,,nonhuman or nonclinical terms: rat; cat,rule_based_classifier_v1,20260603
pubmed:36791631:pubmed_b6_bcomplex_neuropathy_20260603T125916_db015ab6,likely_exclude,,nonhuman or nonclinical terms: rat,rule_based_classifier_v1,20260603
pubmed:2162644:pubmed_b6_bcomplex_neuropathy_20260603T125916_db015ab6,likely_exclude,,nonhuman or nonclinical terms: cat,rule_based_classifier_v1,20260603
pubmed:1770192:pubmed_b6_bcomplex_neuropathy_20260603T125916_db015ab6,likely_exclude,,nonhuman or nonclinical terms: rat; cat,rule_based_classifier_v1,20260603
pubmed:33875038:pubmed_b6_bcomplex_neuropathy_20260603T125916_db015ab6,likely_exclude,,nonhuman or nonclinical terms: rat; cat,rule_based_classifier_v1,20260603
pubmed:35810581:pubmed_b6_bcomplex_neuropathy_20260603T125916_db015ab6,include_candidate,,"title/abstract matches population, ingredient, and safety outcome",rule_based_classifier_v1,20260603
pubmed:26039815:pubmed_b6_bcomplex_neuropathy_20260603T125916_db015ab6,likely_exclude,,nonhuman or nonclinical terms: rat; cat,rule_based_classifier_v1,20260603
pubmed:40129048:pubmed_b6_bcomplex_neuropathy_20260603T125916_db015ab6,maybe_needs_manual_review,,"title/abstract matches ingredient and safety outcome, but population/context needs review",rule_based_classifier_v1,20260603
pubmed:38213037:pubmed_b6_bcomplex_neuropathy_20260603T125916_db015ab6,likely_exclude,,nonhuman or nonclinical terms: rat,rule_based_classifier_v1,20260603
pubmed:6269259:pubmed_b6_bcomplex_neuropathy_20260603T125916_db015ab6,likely_exclude,,nonhuman or nonclinical terms: rat; cat,rule_based_classifier_v1,20260603
pubmed:41275962:pubmed_b6_bcomplex_neuropathy_20260603T125916_db015ab6,likely_exclude,,nonhuman or nonclinical terms: mice; rat; cat; in vitro; molecular docking,rule_based_classifier_v1,20260603
pubmed:3900336:pubmed_b6_bcomplex_neuropathy_20260603T125916_db015ab6,likely_exclude,,no target ingredient and safety outcome match,rule_based_classifier_v1,20260603
pubmed:9250127:pubmed_b6_bcomplex_neuropathy_20260603T125916_db015ab6,likely_exclude,,nonhuman or nonclinical terms: rat; cat,rule_based_classifier_v1,20260603
pubmed:32279306:pubmed_b6_bcomplex_neuropathy_20260603T125916_db015ab6,likely_exclude,,nonhuman or nonclinical terms: rat; cat,rule_based_classifier_v1,20260603
pubmed:41149778:pubmed_b6_bcomplex_neuropathy_20260603T125916_db015ab6,exclude_duplicate,,duplicate record marked by deduplication step,rule_based_classifier_v1,20260603
pubmed:28816346:pubmed_b6_bcomplex_neuropathy_20260603T125916_db015ab6,likely_exclude,,nonhuman or nonclinical terms: rat; cat,rule_based_classifier_v1,20260603
pubmed:25137514:pubmed_b6_bcomplex_neuropathy_20260603T125916_db015ab6,likely_exclude,,nonhuman or nonclinical terms: rat; cat,rule_based_classifier_v1,20260603
pubmed:37231628:pubmed_b6_bcomplex_neuropathy_20260603T125916_db015ab6,likely_exclude,,nonhuman or nonclinical terms: rat; cat,rule_based_classifier_v1,20260603
pubmed:24615445:pubmed_b6_bcomplex_neuropathy_20260603T125916_db015ab6,likely_exclude,,nonhuman or nonclinical terms: rat; cat,rule_based_classifier_v1,20260603
pubmed:28556429:pubmed_b6_bcomplex_neuropathy_20260603T125916_db015ab6,likely_exclude,,nonhuman or nonclinical terms: rat,rule_based_classifier_v1,20260603
pubmed:30383288:pubmed_b6_bcomplex_neuropathy_20260603T125916_db015ab6,likely_exclude,,nonhuman or nonclinical terms: rat; cat,rule_based_classifier_v1,20260603
pubmed:40913882:pubmed_b6_bcomplex_neuropathy_20260603T125916_db015ab6,exclude_duplicate,,duplicate record marked by deduplication step,rule_based_classifier_v1,20260603
pubmed:37603058:pubmed_b6_bcomplex_neuropathy_20260603T125916_db015ab6,likely_exclude,,nonhuman or nonclinical terms: rat; cat,rule_based_classifier_v1,20260603
pubmed:35819060:pubmed_b6_bcomplex_neuropathy_20260603T125916_db015ab6,likely_exclude,,nonhuman or nonclinical terms: cat,rule_based_classifier_v1,20260603
pubmed:25590290:pubmed_b6_bcomplex_neuropathy_20260603T125916_db015ab6,likely_exclude,,nonhuman or nonclinical terms: rat; cat,rule_based_classifier_v1,20260603
pubmed:31526351:pubmed_b6_bcomplex_neuropathy_20260603T125916_db015ab6,likely_exclude,,nonhuman or nonclinical terms: rat; cat,rule_based_classifier_v1,20260603
pubmed:32878163:pubmed_b6_bcomplex_neuropathy_20260603T125916_db015ab6,likely_exclude,,nonhuman or nonclinical terms: rat,rule_based_classifier_v1,20260603
pubmed:34931740:pubmed_b6_bcomplex_neuropathy_20260603T125916_db015ab6,likely_exclude,,nonhuman or nonclinical terms: rat,rule_based_classifier_v1,20260603
pubmed:41619753:pubmed_b6_bcomplex_neuropathy_20260603T125916_db015ab6,likely_exclude,,nonhuman or nonclinical terms: rat; cat,rule_based_classifier_v1,20260603
pubmed:40996763:pubmed_b6_bcomplex_neuropathy_20260603T125916_db015ab6,exclude_duplicate,,duplicate record marked by deduplication step,rule_based_classifier_v1,20260603
pubmed:40303879:pubmed_b6_bcomplex_neuropathy_20260603T125916_db015ab6,likely_exclude,,nonhuman or nonclinical terms: rat,rule_based_classifier_v1,20260603
pubmed:26440850:pubmed_b6_bcomplex_neuropathy_20260603T125916_db015ab6,include_candidate,,"title/abstract matches population, ingredient, and safety outcome",rule_based_classifier_v1,20260603
pubmed:40418248:pubmed_b6_bcomplex_neuropathy_20260603T125916_db015ab6,likely_exclude,,nonhuman or nonclinical terms: rat,rule_based_classifier_v1,20260603
pubmed:31155015:pubmed_b6_bcomplex_neuropathy_20260603T125916_db015ab6,likely_exclude,,nonhuman or nonclinical terms: cat,rule_based_classifier_v1,20260603
pubmed:38098895:pubmed_b6_bcomplex_neuropathy_20260603T125916_db015ab6,likely_exclude,,nonhuman or nonclinical terms: rat,rule_based_classifier_v1,20260603
pubmed:41158987:pubmed_b6_bcomplex_neuropathy_20260603T125916_db015ab6,exclude_duplicate,,duplicate record marked by deduplication step,rule_based_classifier_v1,20260603
pubmed:14971437:pubmed_b6_bcomplex_neuropathy_20260603T125916_db015ab6,likely_exclude,,nonhuman or nonclinical terms: rat,rule_based_classifier_v1,20260603
pubmed:15756083:pubmed_b6_bcomplex_neuropathy_20260603T125916_db015ab6,likely_exclude,,nonhuman or nonclinical terms: rat; cat,rule_based_classifier_v1,20260603
pubmed:16763894:pubmed_b6_bcomplex_neuropathy_20260603T125916_db015ab6,likely_exclude,,nonhuman or nonclinical terms: rat; cat,rule_based_classifier_v1,20260603
pubmed:39270087:pubmed_b6_bcomplex_neuropathy_20260603T125916_db015ab6,likely_exclude,,nonhuman or nonclinical terms: cat,rule_based_classifier_v1,20260603
pubmed:40751583:pubmed_b6_bcomplex_neuropathy_20260603T125916_db015ab6,exclude_duplicate,,duplicate record marked by deduplication step,rule_based_classifier_v1,20260603
pubmed:15098856:pubmed_b6_bcomplex_neuropathy_20260603T125916_db015ab6,include_candidate,,"title/abstract matches population, ingredient, and safety outcome",rule_based_classifier_v1,20260603
pubmed:29737502:pubmed_b6_bcomplex_neuropathy_20260603T125916_db015ab6,likely_exclude,,nonhuman or nonclinical terms: rat,rule_based_classifier_v1,20260603
pubmed:22742602:pubmed_b6_bcomplex_neuropathy_20260603T125916_db015ab6,likely_exclude,,nonhuman or nonclinical terms: rat; cat,rule_based_classifier_v1,20260603
pubmed:36922273:pubmed_b6_bcomplex_neuropathy_20260603T125916_db015ab6,likely_exclude,,nonhuman or nonclinical terms: rat; cat,rule_based_classifier_v1,20260603
pubmed:39364056:pubmed_b6_bcomplex_neuropathy_20260603T125916_db015ab6,likely_exclude,,nonhuman or nonclinical terms: rat; cat,rule_based_classifier_v1,20260603
pubmed:33684562:pubmed_b6_bcomplex_neuropathy_20260603T125916_db015ab6,likely_exclude,,nonhuman or nonclinical terms: rat; cat,rule_based_classifier_v1,20260603
pubmed:17628125:pubmed_b6_bcomplex_neuropathy_20260603T125916_db015ab6,likely_exclude,,nonhuman or nonclinical terms: rat; in vitro,rule_based_classifier_v1,20260603
pubmed:36875946:pubmed_b6_bcomplex_neuropathy_20260603T125916_db015ab6,include_candidate,,"title/abstract matches population, ingredient, and safety outcome",rule_based_classifier_v1,20260603
pubmed:25579852:pubmed_b6_bcomplex_neuropathy_20260603T125916_db015ab6,likely_exclude,,nonhuman or nonclinical terms: rat; cat,rule_based_classifier_v1,20260603
pubmed:12069675:pubmed_b6_bcomplex_neuropathy_20260603T125916_db015ab6,manual_review_low,,partial keyword match only,rule_based_classifier_v1,20260603
pubmed:25961321:pubmed_b6_bcomplex_neuropathy_20260603T125916_db015ab6,likely_exclude,,nonhuman or nonclinical terms: cat,rule_based_classifier_v1,20260603
pubmed:37697258:pubmed_b6_bcomplex_neuropathy_20260603T125916_db015ab6,likely_exclude,,nonhuman or nonclinical terms: rat,rule_based_classifier_v1,20260603
pubmed:19336890:pubmed_b6_bcomplex_neuropathy_20260603T125916_db015ab6,likely_exclude,,nonhuman or nonclinical terms: mouse; mice; rat; cat,rule_based_classifier_v1,20260603
pubmed:16702346:pubmed_b6_bcomplex_neuropathy_20260603T125916_db015ab6,likely_exclude,,nonhuman or nonclinical terms: rat; cat,rule_based_classifier_v1,20260603
pubmed:22044276:pubmed_b6_bcomplex_neuropathy_20260603T125916_db015ab6,likely_exclude,,nonhuman or nonclinical terms: rat; cat; pig,rule_based_classifier_v1,20260603
pubmed:34547524:pubmed_b6_bcomplex_neuropathy_20260603T125916_db015ab6,likely_exclude,,nonhuman or nonclinical terms: rat; cat,rule_based_classifier_v1,20260603
pubmed:17176168:pubmed_b6_bcomplex_neuropathy_20260603T125916_db015ab6,likely_exclude,,nonhuman or nonclinical terms: cat,rule_based_classifier_v1,20260603
pubmed:22023381:pubmed_b6_bcomplex_neuropathy_20260603T125916_db015ab6,likely_exclude,,nonhuman or nonclinical terms: rat,rule_based_classifier_v1,20260603
pubmed:9427014:pubmed_b6_bcomplex_neuropathy_20260603T125916_db015ab6,likely_exclude,,nonhuman or nonclinical terms: rat; cat,rule_based_classifier_v1,20260603
pubmed:23647723:pubmed_b6_bcomplex_neuropathy_20260603T125916_db015ab6,likely_exclude,,nonhuman or nonclinical terms: rat,rule_based_classifier_v1,20260603
pubmed:29897291:pubmed_b6_bcomplex_neuropathy_20260603T125916_db015ab6,likely_exclude,,nonhuman or nonclinical terms: rat,rule_based_classifier_v1,20260603
pubmed:38021490:pubmed_b6_bcomplex_neuropathy_20260603T125916_db015ab6,likely_exclude,,nonhuman or nonclinical terms: rat; cat,rule_based_classifier_v1,20260603
pubmed:17764205:pubmed_b6_bcomplex_neuropathy_20260603T125916_db015ab6,likely_exclude,,nonhuman or nonclinical terms: rat; cat,rule_based_classifier_v1,20260603
pubmed:25056196:pubmed_b6_bcomplex_neuropathy_20260603T125916_db015ab6,likely_exclude,,nonhuman or nonclinical terms: rat,rule_based_classifier_v1,20260603
pubmed:25162163:pubmed_b6_bcomplex_neuropathy_20260603T125916_db015ab6,likely_exclude,,nonhuman or nonclinical terms: rat,rule_based_classifier_v1,20260603
pubmed:31917143:pubmed_b6_bcomplex_neuropathy_20260603T125916_db015ab6,likely_exclude,,nonhuman or nonclinical terms: rat,rule_based_classifier_v1,20260603
pubmed:24813907:pubmed_b6_bcomplex_neuropathy_20260603T125916_db015ab6,likely_exclude,,nonhuman or nonclinical terms: rat; cat,rule_based_classifier_v1,20260603
pubmed:35068123:pubmed_mineral_gi_interaction_20260603T125919_24f9ef7a,likely_exclude,,nonhuman or nonclinical terms: rat,rule_based_classifier_v1,20260603
pubmed:38367035:pubmed_mineral_gi_interaction_20260603T125919_24f9ef7a,likely_exclude,,nonhuman or nonclinical terms: rat; cat,rule_based_classifier_v1,20260603
pubmed:33525523:pubmed_mineral_gi_interaction_20260603T125919_24f9ef7a,likely_exclude,,nonhuman or nonclinical terms: rat; cat,rule_based_classifier_v1,20260603
pubmed:33767108:pubmed_mineral_gi_interaction_20260603T125919_24f9ef7a,likely_exclude,,nonhuman or nonclinical terms: rat; cat,rule_based_classifier_v1,20260603
pubmed:40603803:pubmed_mineral_gi_interaction_20260603T125919_24f9ef7a,include_candidate,,"title/abstract matches population, ingredient, and safety outcome",rule_based_classifier_v1,20260603
pubmed:26371734:pubmed_mineral_gi_interaction_20260603T125919_24f9ef7a,likely_exclude,,nonhuman or nonclinical terms: cat,rule_based_classifier_v1,20260603
pubmed:34642269:pubmed_mineral_gi_interaction_20260603T125919_24f9ef7a,likely_exclude,,nonhuman or nonclinical terms: rat; cat,rule_based_classifier_v1,20260603
pubmed:18095746:pubmed_mineral_gi_interaction_20260603T125919_24f9ef7a,likely_exclude,,nonhuman or nonclinical terms: rat,rule_based_classifier_v1,20260603
pubmed:39940312:pubmed_mineral_gi_interaction_20260603T125919_24f9ef7a,likely_exclude,,nonhuman or nonclinical terms: cat,rule_based_classifier_v1,20260603
pubmed:40888045:pubmed_mineral_gi_interaction_20260603T125919_24f9ef7a,likely_exclude,,nonhuman or nonclinical terms: rat,rule_based_classifier_v1,20260603
pubmed:2407097:pubmed_mineral_gi_interaction_20260603T125919_24f9ef7a,likely_exclude,,nonhuman or nonclinical terms: rat; cat; pig,rule_based_classifier_v1,20260603
pubmed:32360756:pubmed_mineral_gi_interaction_20260603T125919_24f9ef7a,likely_exclude,,nonhuman or nonclinical terms: rat,rule_based_classifier_v1,20260603
pubmed:32969946:pubmed_mineral_gi_interaction_20260603T125919_24f9ef7a,likely_exclude,,nonhuman or nonclinical terms: rat,rule_based_classifier_v1,20260603
pubmed:32718584:pubmed_mineral_gi_interaction_20260603T125919_24f9ef7a,likely_exclude,,nonhuman or nonclinical terms: rat; cat,rule_based_classifier_v1,20260603
pubmed:14505158:pubmed_mineral_gi_interaction_20260603T125919_24f9ef7a,likely_exclude,,nonhuman or nonclinical terms: rat; cat,rule_based_classifier_v1,20260603
pubmed:7786695:pubmed_mineral_gi_interaction_20260603T125919_24f9ef7a,likely_exclude,,nonhuman or nonclinical terms: rat; cat,rule_based_classifier_v1,20260603
pubmed:35276810:pubmed_mineral_gi_interaction_20260603T125919_24f9ef7a,likely_exclude,,nonhuman or nonclinical terms: rat; cat,rule_based_classifier_v1,20260603
pubmed:38608850:pubmed_mineral_gi_interaction_20260603T125919_24f9ef7a,likely_exclude,,nonhuman or nonclinical terms: rat; cat; in vitro,rule_based_classifier_v1,20260603
pubmed:39693029:pubmed_mineral_gi_interaction_20260603T125919_24f9ef7a,likely_exclude,,nonhuman or nonclinical terms: rat,rule_based_classifier_v1,20260603
pubmed:37814433:pubmed_mineral_gi_interaction_20260603T125919_24f9ef7a,likely_exclude,,nonhuman or nonclinical terms: cat,rule_based_classifier_v1,20260603
pubmed:37047530:pubmed_mineral_gi_interaction_20260603T125919_24f9ef7a,include_candidate,,"title/abstract matches population, ingredient, and safety outcome",rule_based_classifier_v1,20260603
pubmed:7712343:pubmed_mineral_gi_interaction_20260603T125919_24f9ef7a,likely_exclude,,nonhuman or nonclinical terms: rat; cat; in vitro,rule_based_classifier_v1,20260603
pubmed:10801947:pubmed_mineral_gi_interaction_20260603T125919_24f9ef7a,likely_exclude,,nonhuman or nonclinical terms: rat,rule_based_classifier_v1,20260603
pubmed:10980978:pubmed_mineral_gi_interaction_20260603T125919_24f9ef7a,likely_exclude,,nonhuman or nonclinical terms: cat,rule_based_classifier_v1,20260603
pubmed:7879732:pubmed_mineral_gi_interaction_20260603T125919_24f9ef7a,include_candidate,,"title/abstract matches population, ingredient, and safety outcome",rule_based_classifier_v1,20260603
pubmed:41060063:pubmed_mineral_gi_interaction_20260603T125919_24f9ef7a,likely_exclude,,nonhuman or nonclinical terms: rat; cat,rule_based_classifier_v1,20260603
pubmed:9701159:pubmed_mineral_gi_interaction_20260603T125919_24f9ef7a,likely_exclude,,nonhuman or nonclinical terms: rat; cat,rule_based_classifier_v1,20260603
pubmed:34538035:pubmed_mineral_gi_interaction_20260603T125919_24f9ef7a,likely_exclude,,nonhuman or nonclinical terms: rat,rule_based_classifier_v1,20260603
pubmed:23945676:pubmed_mineral_gi_interaction_20260603T125919_24f9ef7a,likely_exclude,,nonhuman or nonclinical terms: cat,rule_based_classifier_v1,20260603
pubmed:15743019:pubmed_mineral_gi_interaction_20260603T125919_24f9ef7a,likely_exclude,,nonhuman or nonclinical terms: rat; cat,rule_based_classifier_v1,20260603
pubmed:39582678:pubmed_mineral_gi_interaction_20260603T125919_24f9ef7a,likely_exclude,,nonhuman or nonclinical terms: rat; cat; pig,rule_based_classifier_v1,20260603
pubmed:34573676:pubmed_mineral_gi_interaction_20260603T125919_24f9ef7a,likely_exclude,,nonhuman or nonclinical terms: rat; cat,rule_based_classifier_v1,20260603
pubmed:25830598:pubmed_mineral_gi_interaction_20260603T125919_24f9ef7a,likely_exclude,,nonhuman or nonclinical terms: cat; in vitro,rule_based_classifier_v1,20260603
pubmed:37418874:pubmed_mineral_gi_interaction_20260603T125919_24f9ef7a,likely_exclude,,nonhuman or nonclinical terms: rat; cat,rule_based_classifier_v1,20260603
pubmed:18214015:pubmed_mineral_gi_interaction_20260603T125919_24f9ef7a,likely_exclude,,nonhuman or nonclinical terms: rat; cat; in vitro,rule_based_classifier_v1,20260603
pubmed:10801946:pubmed_mineral_gi_interaction_20260603T125919_24f9ef7a,include_candidate,,"title/abstract matches population, ingredient, and safety outcome",rule_based_classifier_v1,20260603
pubmed:32664341:pubmed_mineral_gi_interaction_20260603T125919_24f9ef7a,likely_exclude,,nonhuman or nonclinical terms: rat,rule_based_classifier_v1,20260603
pubmed:34202347:pubmed_mineral_gi_interaction_20260603T125919_24f9ef7a,likely_exclude,,nonhuman or nonclinical terms: cat,rule_based_classifier_v1,20260603
pubmed:32461401:pubmed_mineral_gi_interaction_20260603T125919_24f9ef7a,likely_exclude,,nonhuman or nonclinical terms: rat,rule_based_classifier_v1,20260603
pubmed:11688078:pubmed_mineral_gi_interaction_20260603T125919_24f9ef7a,likely_exclude,,nonhuman or nonclinical terms: rat; cat; swine,rule_based_classifier_v1,20260603
pubmed:40597553:pubmed_mineral_gi_interaction_20260603T125919_24f9ef7a,likely_exclude,,nonhuman or nonclinical terms: rat; cat,rule_based_classifier_v1,20260603
pubmed:12455225:pubmed_mineral_gi_interaction_20260603T125919_24f9ef7a,likely_exclude,,nonhuman or nonclinical terms: rat; cat,rule_based_classifier_v1,20260603
pubmed:27655839:pubmed_mineral_gi_interaction_20260603T125919_24f9ef7a,likely_exclude,,nonhuman or nonclinical terms: rat; cat,rule_based_classifier_v1,20260603
pubmed:12514257:pubmed_mineral_gi_interaction_20260603T125919_24f9ef7a,likely_exclude,,nonhuman or nonclinical terms: rat; rats; in vitro,rule_based_classifier_v1,20260603
pubmed:29661354:pubmed_mineral_gi_interaction_20260603T125919_24f9ef7a,likely_exclude,,nonhuman or nonclinical terms: rat,rule_based_classifier_v1,20260603
pubmed:31412634:pubmed_mineral_gi_interaction_20260603T125919_24f9ef7a,likely_exclude,,nonhuman or nonclinical terms: rat; cat,rule_based_classifier_v1,20260603
pubmed:35294077:pubmed_mineral_gi_interaction_20260603T125919_24f9ef7a,likely_exclude,,nonhuman or nonclinical terms: rat,rule_based_classifier_v1,20260603
pubmed:21462108:pubmed_mineral_gi_interaction_20260603T125919_24f9ef7a,likely_exclude,,nonhuman or nonclinical terms: rat,rule_based_classifier_v1,20260603
pubmed:11165888:pubmed_mineral_gi_interaction_20260603T125919_24f9ef7a,likely_exclude,,nonhuman or nonclinical terms: cat,rule_based_classifier_v1,20260603
pubmed:38235788:pubmed_mineral_gi_interaction_20260603T125919_24f9ef7a,likely_exclude,,nonhuman or nonclinical terms: rat; cat,rule_based_classifier_v1,20260603
pubmed:26956254:pubmed_mineral_gi_interaction_20260603T125919_24f9ef7a,likely_exclude,,nonhuman or nonclinical terms: cat,rule_based_classifier_v1,20260603
pubmed:9240918:pubmed_mineral_gi_interaction_20260603T125919_24f9ef7a,likely_exclude,,nonhuman or nonclinical terms: rat,rule_based_classifier_v1,20260603
pubmed:15630176:pubmed_mineral_gi_interaction_20260603T125919_24f9ef7a,likely_exclude,,nonhuman or nonclinical terms: mice; rat,rule_based_classifier_v1,20260603
pubmed:24195595:pubmed_mineral_gi_interaction_20260603T125919_24f9ef7a,include_candidate,,"title/abstract matches population, ingredient, and safety outcome",rule_based_classifier_v1,20260603
pubmed:29484538:pubmed_mineral_gi_interaction_20260603T125919_24f9ef7a,likely_exclude,,nonhuman or nonclinical terms: rat; cat,rule_based_classifier_v1,20260603
pubmed:2697140:pubmed_mineral_gi_interaction_20260603T125919_24f9ef7a,likely_exclude,,nonhuman or nonclinical terms: cat,rule_based_classifier_v1,20260603
pubmed:12730454:pubmed_mineral_gi_interaction_20260603T125919_24f9ef7a,likely_exclude,,nonhuman or nonclinical terms: rat; cat,rule_based_classifier_v1,20260603
pubmed:38423387:pubmed_mineral_gi_interaction_20260603T125919_24f9ef7a,likely_exclude,,nonhuman or nonclinical terms: rat; cat,rule_based_classifier_v1,20260603
pubmed:21462113:pubmed_mineral_gi_interaction_20260603T125919_24f9ef7a,include_candidate,,"title/abstract matches population, ingredient, and safety outcome",rule_based_classifier_v1,20260603
pubmed:30263400:pubmed_mineral_gi_interaction_20260603T125919_24f9ef7a,likely_exclude,,nonhuman or nonclinical terms: rat; cat,rule_based_classifier_v1,20260603
pubmed:12949399:pubmed_mineral_gi_interaction_20260603T125919_24f9ef7a,likely_exclude,,nonhuman or nonclinical terms: rat; cat,rule_based_classifier_v1,20260603
pubmed:40526762:pubmed_mineral_gi_interaction_20260603T125919_24f9ef7a,likely_exclude,,nonhuman or nonclinical terms: rat,rule_based_classifier_v1,20260603
pubmed:16711471:pubmed_mineral_gi_interaction_20260603T125919_24f9ef7a,likely_exclude,,nonhuman or nonclinical terms: rat; cat,rule_based_classifier_v1,20260603
pubmed:33147581:pubmed_mineral_gi_interaction_20260603T125919_24f9ef7a,likely_exclude,,nonhuman or nonclinical terms: rat; cat,rule_based_classifier_v1,20260603
pubmed:1984334:pubmed_mineral_gi_interaction_20260603T125919_24f9ef7a,likely_exclude,,nonhuman or nonclinical terms: rat,rule_based_classifier_v1,20260603
pubmed:11925486:pubmed_mineral_gi_interaction_20260603T125919_24f9ef7a,likely_exclude,,nonhuman or nonclinical terms: rat; cat,rule_based_classifier_v1,20260603
pubmed:6765389:pubmed_mineral_gi_interaction_20260603T125919_24f9ef7a,likely_exclude,,nonhuman or nonclinical terms: pig,rule_based_classifier_v1,20260603
pubmed:37294699:pubmed_mineral_gi_interaction_20260603T125919_24f9ef7a,likely_exclude,,nonhuman or nonclinical terms: rat; rats,rule_based_classifier_v1,20260603
pubmed:6293043:pubmed_mineral_gi_interaction_20260603T125919_24f9ef7a,likely_exclude,,nonhuman or nonclinical terms: rat,rule_based_classifier_v1,20260603
pubmed:7770189:pubmed_mineral_gi_interaction_20260603T125919_24f9ef7a,likely_exclude,,nonhuman or nonclinical terms: rat,rule_based_classifier_v1,20260603
pubmed:11531150:pubmed_mineral_gi_interaction_20260603T125919_24f9ef7a,likely_exclude,,nonhuman or nonclinical terms: rat,rule_based_classifier_v1,20260603
pubmed:11285353:pubmed_mineral_gi_interaction_20260603T125919_24f9ef7a,likely_exclude,,nonhuman or nonclinical terms: rat,rule_based_classifier_v1,20260603
pubmed:2693644:pubmed_mineral_gi_interaction_20260603T125919_24f9ef7a,include_candidate,,"title/abstract matches population, ingredient, and safety outcome",rule_based_classifier_v1,20260603
pubmed:1844992:pubmed_mineral_gi_interaction_20260603T125919_24f9ef7a,include_candidate,,"title/abstract matches population, ingredient, and safety outcome",rule_based_classifier_v1,20260603
pubmed:3973750:pubmed_mineral_gi_interaction_20260603T125919_24f9ef7a,likely_exclude,,nonhuman or nonclinical terms: rat,rule_based_classifier_v1,20260603
pubmed:10721903:pubmed_mineral_gi_interaction_20260603T125919_24f9ef7a,include_candidate,,"title/abstract matches population, ingredient, and safety outcome",rule_based_classifier_v1,20260603
pubmed:12030275:pubmed_mineral_gi_interaction_20260603T125919_24f9ef7a,likely_exclude,,nonhuman or nonclinical terms: rat,rule_based_classifier_v1,20260603
pubmed:3031416:pubmed_mineral_gi_interaction_20260603T125919_24f9ef7a,likely_exclude,,nonhuman or nonclinical terms: rat; cat,rule_based_classifier_v1,20260603
pubmed:23394991:pubmed_mineral_gi_interaction_20260603T125919_24f9ef7a,likely_exclude,,nonhuman or nonclinical terms: rat,rule_based_classifier_v1,20260603
pubmed:21421535:pubmed_mineral_gi_interaction_20260603T125919_24f9ef7a,likely_exclude,,nonhuman or nonclinical terms: rat; cat,rule_based_classifier_v1,20260603
pubmed:31092704:pubmed_mineral_gi_interaction_20260603T125919_24f9ef7a,likely_exclude,,nonhuman or nonclinical terms: rat; cat,rule_based_classifier_v1,20260603
pubmed:41355657:pubmed_mineral_gi_interaction_20260603T125919_24f9ef7a,likely_exclude,,nonhuman or nonclinical terms: cat,rule_based_classifier_v1,20260603
pubmed:35943487:pubmed_mineral_gi_interaction_20260603T125919_24f9ef7a,likely_exclude,,nonhuman or nonclinical terms: rat,rule_based_classifier_v1,20260603
pubmed:40072480:pubmed_mineral_gi_interaction_20260603T125919_24f9ef7a,likely_exclude,,nonhuman or nonclinical terms: rat; cat,rule_based_classifier_v1,20260603
pubmed:22409531:pubmed_mineral_gi_interaction_20260603T125919_24f9ef7a,likely_exclude,,nonhuman or nonclinical terms: rat; cat,rule_based_classifier_v1,20260603
pubmed:8394500:pubmed_mineral_gi_interaction_20260603T125919_24f9ef7a,likely_exclude,,nonhuman or nonclinical terms: cat,rule_based_classifier_v1,20260603
pubmed:30691123:pubmed_mineral_gi_interaction_20260603T125919_24f9ef7a,likely_exclude,,nonhuman or nonclinical terms: rat,rule_based_classifier_v1,20260603
pubmed:1524700:pubmed_mineral_gi_interaction_20260603T125919_24f9ef7a,likely_exclude,,nonhuman or nonclinical terms: rat; cat,rule_based_classifier_v1,20260603
pubmed:29478544:pubmed_mineral_gi_interaction_20260603T125919_24f9ef7a,likely_exclude,,nonhuman or nonclinical terms: mice; rat; cat; in vitro,rule_based_classifier_v1,20260603
pubmed:3005669:pubmed_mineral_gi_interaction_20260603T125919_24f9ef7a,maybe_needs_manual_review,,"title/abstract matches ingredient and safety outcome, but population/context needs review",rule_based_classifier_v1,20260603
pubmed:12840181:pubmed_mineral_gi_interaction_20260603T125919_24f9ef7a,include_candidate,,"title/abstract matches population, ingredient, and safety outcome",rule_based_classifier_v1,20260603
pubmed:1969784:pubmed_mineral_gi_interaction_20260603T125919_24f9ef7a,likely_exclude,,nonhuman or nonclinical terms: rat,rule_based_classifier_v1,20260603
pubmed:25310742:pubmed_mineral_gi_interaction_20260603T125919_24f9ef7a,likely_exclude,,nonhuman or nonclinical terms: rat; cat,rule_based_classifier_v1,20260603
pubmed:38641845:pubmed_mineral_gi_interaction_20260603T125919_24f9ef7a,likely_exclude,,nonhuman or nonclinical terms: rat,rule_based_classifier_v1,20260603
pubmed:27364763:pubmed_mineral_gi_interaction_20260603T125919_24f9ef7a,likely_exclude,,nonhuman or nonclinical terms: rat,rule_based_classifier_v1,20260603
pubmed:33758936:pubmed_mineral_gi_interaction_20260603T125919_24f9ef7a,likely_exclude,,nonhuman or nonclinical terms: rat,rule_based_classifier_v1,20260603
