catalog_source_id,document_id,official_match_status,official_product_key,official_item_seq,stable_official_key,research_use_status,mfds_promotion_evidence_complete,runtime_promotion_allowed,exclusion_reason
20250801_172323,20250801_172323,not_applicable,,,,excluded_unconfirmed,false,false,official_match_status:not_applicable
20250801_172327,20250801_172327,not_applicable,,,,excluded_unconfirmed,false,false,official_match_status:not_applicable
20250801_172721,20250801_172721,not_applicable,,,,excluded_unconfirmed,false,false,official_match_status:not_applicable
20250801_172722,20250801_172722,not_applicable,,,,excluded_unconfirmed,false,false,official_match_status:not_applicable
20250801_172723,20250801_172723,not_applicable,,,,excluded_unconfirmed,false,false,official_match_status:not_applicable
20250801_172724,20250801_172724,not_applicable,,,,excluded_unconfirmed,false,false,official_match_status:not_applicable
20250801_172844,20250801_172844,not_applicable,,,,excluded_unconfirmed,false,false,official_match_status:not_applicable
20250801_172845,20250801_172845,not_applicable,,,,excluded_unconfirmed,false,false,official_match_status:not_applicable
20250801_172846,20250801_172846,confirmed,A11AHHHHH0243,A11AHHHHH0243,health.kr:A11AHHHHH0243,research_search_usable,false,false,
20250801_173107,20250801_173107,review_required,,,,excluded_unconfirmed,false,false,official_match_status:review_required
20250801_173217,20250801_173217,confirmed,2012091000002,2012091000002,health.kr:2012091000002,research_search_usable,false,false,
20250801_173218,20250801_173218,confirmed,2017090500003,2017090500003,health.kr:2017090500003,research_search_usable,false,false,
20250801_173304,20250801_173304,not_applicable,,,,excluded_unconfirmed,false,false,official_match_status:not_applicable
20250801_173352,20250801_173352,review_required,,,,excluded_unconfirmed,false,false,official_match_status:review_required
20250801_173524,20250801_173524,confirmed,2018110500002,2018110500002,health.kr:2018110500002,research_search_usable,false,false,
20250801_173525,20250801_173525,confirmed,2023111600008,2023111600008,health.kr:2023111600008,research_search_usable,false,false,
20250801_173526,20250801_173526,confirmed,2021121000002,2021121000002,health.kr:2021121000002,research_search_usable,false,false,
20250801_173527,20250801_173527,confirmed,2016071900002,2016071900002,health.kr:2016071900002,research_search_usable,false,false,
20250801_173732,20250801_173732,confirmed,2018080200008,2018080200008,health.kr:2018080200008,research_search_usable,false,false,
20250801_173740,20250801_173740,confirmed,2011111100002,2011111100002,health.kr:2011111100002,research_search_usable,false,false,
20250801_173817,20250801_173817,confirmed,2014103100002,2014103100002,health.kr:2014103100002,research_search_usable,false,false,
20250812_102357,20250812_102357,not_applicable,,,,excluded_unconfirmed,false,false,official_match_status:not_applicable
20250812_102500,20250812_102500,not_applicable,,,,excluded_unconfirmed,false,false,official_match_status:not_applicable
20250812_102506,20250812_102506,not_applicable,,,,excluded_unconfirmed,false,false,official_match_status:not_applicable
20250812_102743,20250812_102743,not_applicable,,,,excluded_unconfirmed,false,false,official_match_status:not_applicable
20250812_102841,20250812_102841,confirmed,2022122600005,2022122600005,health.kr:2022122600005,research_search_usable,false,false,
20250812_102908,20250812_102908,review_required,,,,excluded_unconfirmed,false,false,official_match_status:review_required
20250812_103011,20250812_103011,not_applicable,,,,excluded_unconfirmed,false,false,official_match_status:not_applicable
20250812_103019,20250812_103019,not_applicable,,,,excluded_unconfirmed,false,false,official_match_status:not_applicable
20250812_103032,20250812_103032,review_required,,,,excluded_unconfirmed,false,false,official_match_status:review_required
20250812_103045,20250812_103045,review_required,,,,excluded_unconfirmed,false,false,official_match_status:review_required
20250812_103059,20250812_103059,review_required,,,,excluded_unconfirmed,false,false,official_match_status:review_required
20250812_103118,20250812_103118,review_required,,,,excluded_unconfirmed,false,false,official_match_status:review_required
20250812_103132,20250812_103132,not_applicable,,,,excluded_unconfirmed,false,false,official_match_status:not_applicable
20250812_103226,20250812_103226,not_applicable,,,,excluded_unconfirmed,false,false,official_match_status:not_applicable
20250812_103254,20250812_103254,not_applicable,,,,excluded_unconfirmed,false,false,official_match_status:not_applicable
20250812_103307,20250812_103307,not_applicable,,,,excluded_unconfirmed,false,false,official_match_status:not_applicable
20250812_103314,20250812_103314,not_found,,,,excluded_unconfirmed,false,false,official_match_status:not_found
20250812_103344,20250812_103344,not_found,,,,excluded_unconfirmed,false,false,official_match_status:not_found
20250812_103426,20250812_103426,not_applicable,,,,excluded_unconfirmed,false,false,official_match_status:not_applicable
20250812_103431,20250812_103431,not_applicable,,,,excluded_unconfirmed,false,false,official_match_status:not_applicable
20250812_103434,20250812_103434,not_applicable,,,,excluded_unconfirmed,false,false,official_match_status:not_applicable
20250812_103447,20250812_103447,not_applicable,,,,excluded_unconfirmed,false,false,official_match_status:not_applicable
20250812_103448,20250812_103448,not_applicable,,,,excluded_unconfirmed,false,false,official_match_status:not_applicable
20250812_103505,20250812_103505,not_applicable,,,,excluded_unconfirmed,false,false,official_match_status:not_applicable
20250812_103509,20250812_103509,not_applicable,,,,excluded_unconfirmed,false,false,official_match_status:not_applicable
20250812_103517,20250812_103517,not_applicable,,,,excluded_unconfirmed,false,false,official_match_status:not_applicable
20250812_103544,20250812_103544,not_found,,,,excluded_unconfirmed,false,false,official_match_status:not_found
20250812_103607,20250812_103607,not_found,,,,excluded_unconfirmed,false,false,official_match_status:not_found
20250812_103618,20250812_103618,not_found,,,,excluded_unconfirmed,false,false,official_match_status:not_found
20250812_103632,20250812_103632,not_found,,,,excluded_unconfirmed,false,false,official_match_status:not_found
20250812_103713,20250812_103713,not_applicable,,,,excluded_unconfirmed,false,false,official_match_status:not_applicable
20250812_103723,20250812_103723,not_applicable,,,,excluded_unconfirmed,false,false,official_match_status:not_applicable
20250812_103727,20250812_103727,not_applicable,,,,excluded_unconfirmed,false,false,official_match_status:not_applicable
20250812_103735,20250812_103735,not_applicable,,,,excluded_unconfirmed,false,false,official_match_status:not_applicable
20250812_103738,20250812_103738,not_applicable,,,,excluded_unconfirmed,false,false,official_match_status:not_applicable
20250812_103749,20250812_103749,not_applicable,,,,excluded_unconfirmed,false,false,official_match_status:not_applicable
20250812_103758,20250812_103758,not_applicable,,,,excluded_unconfirmed,false,false,official_match_status:not_applicable
20250812_103803,20250812_103803,not_applicable,,,,excluded_unconfirmed,false,false,official_match_status:not_applicable
20250812_104004,20250812_104004,confirmed,2024121100004,2024121100004,health.kr:2024121100004,research_search_usable,false,false,
20250812_104038,20250812_104038,confirmed,A11A0760A0010,A11A0760A0010,health.kr:A11A0760A0010,research_search_usable,false,false,
20250812_104042,20250812_104042,confirmed,2009092300055,2009092300055,health.kr:2009092300055,research_search_usable,false,false,
20250812_104052,20250812_104052,confirmed,A11AKP09B0023,A11AKP09B0023,health.kr:A11AKP09B0023,research_search_usable,false,false,
20250812_104055,20250812_104055,confirmed,2024040100016,2024040100016,health.kr:2024040100016,research_search_usable,false,false,
20250812_104101,20250812_104101,confirmed,A11AKP08A0151,A11AKP08A0151,health.kr:A11AKP08A0151,research_search_usable,false,false,
20250812_104104,20250812_104104,confirmed,2009071505688,2009071505688,health.kr:2009071505688,research_search_usable,false,false,
20250812_104109,20250812_104109,confirmed,h55o7b3uu5o4b,h55o7b3uu5o4b,health.kr:h55o7b3uu5o4b,research_search_usable,false,false,
20250812_104115,20250812_104115,review_required,,,,excluded_unconfirmed,false,false,official_match_status:review_required
20250812_104124,20250812_104124,confirmed,2020012900009,2020012900009,health.kr:2020012900009,research_search_usable,false,false,
20250812_104130,20250812_104130,confirmed,2023071900001,2023071900001,health.kr:2023071900001,research_search_usable,false,false,
20250812_104138,20250812_104138,confirmed,2016120100007,2016120100007,health.kr:2016120100007,research_search_usable,false,false,
20250812_104141,20250812_104141,confirmed,2020032600017,2020032600017,health.kr:2020032600017,research_search_usable,false,false,
20250812_104228,20250812_104228,confirmed,2014050800008,2014050800008,health.kr:2014050800008,research_search_usable,false,false,
20250812_104231,20250812_104231,confirmed,2013061000010,2013061000010,health.kr:2013061000010,research_search_usable,false,false,
20250812_104234,20250812_104234,confirmed,2009071505526,2009071505526,health.kr:2009071505526,research_search_usable,false,false,
20250812_104239,20250812_104239,confirmed,A11A2460B0032,A11A2460B0032,health.kr:A11A2460B0032,research_search_usable,false,false,
20250812_104242,20250812_104242,not_found,,,,excluded_unconfirmed,false,false,official_match_status:not_found
20250812_104248,20250812_104248,review_required,,,,excluded_unconfirmed,false,false,official_match_status:review_required
20250812_104252,20250812_104252,confirmed,A11ADDDDD0017,A11ADDDDD0017,health.kr:A11ADDDDD0017,research_search_usable,false,false,
20250812_104256,20250812_104256,confirmed,2012052500003,2012052500003,health.kr:2012052500003,research_search_usable,false,false,
20250812_104306,20250812_104306,confirmed,2016021200001,2016021200001,health.kr:2016021200001,research_search_usable,false,false,
20250812_104310,20250812_104310,confirmed,2016062100023,2016062100023,health.kr:2016062100023,research_search_usable,false,false,
20250812_104323,20250812_104323,confirmed,A11ABBBBB0727,A11ABBBBB0727,health.kr:A11ABBBBB0727,research_search_usable,false,false,
20250812_104328,20250812_104328,confirmed,2019050200137,2019050200137,health.kr:2019050200137,research_search_usable,false,false,
20250812_104333,20250812_104333,confirmed,A11A2260A0456,A11A2260A0456,health.kr:A11A2260A0456,research_search_usable,false,false,
20250812_104437,20250812_104437,confirmed,A11AKP08G0434,A11AKP08G0434,health.kr:A11AKP08G0434,research_search_usable,false,false,
20250812_104440,20250812_104440,confirmed,2009071505939,2009071505939,health.kr:2009071505939,research_search_usable,false,false,
20250812_104449,20250812_104449,confirmed,2021042300003,2021042300003,health.kr:2021042300003,research_search_usable,false,false,
20250812_104505,20250812_104505,not_found,,,,excluded_unconfirmed,false,false,official_match_status:not_found
20250812_104548,20250812_104548,confirmed,A11A0570A0226,A11A0570A0226,health.kr:A11A0570A0226,research_search_usable,false,false,
20250812_104557,20250812_104557,confirmed,A11A0570A0226,A11A0570A0226,health.kr:A11A0570A0226,research_search_usable,false,false,
20250812_104600,20250812_104600,confirmed,A11AHHHHH0025,A11AHHHHH0025,health.kr:A11AHHHHH0025,research_search_usable,false,false,
20250812_104612,20250812_104612,confirmed,2025031100001,2025031100001,health.kr:2025031100001,research_search_usable,false,false,
20250812_104616,20250812_104616,not_found,,,,excluded_unconfirmed,false,false,official_match_status:not_found
20250812_104713,20250812_104713,review_required,,,,excluded_unconfirmed,false,false,official_match_status:review_required
20250812_104716,20250812_104716,review_required,,,,excluded_unconfirmed,false,false,official_match_status:review_required
20250812_104723,20250812_104723,confirmed,2018110500002,2018110500002,health.kr:2018110500002,research_search_usable,false,false,
20250812_104725,20250812_104725,confirmed,2024052400001,2024052400001,health.kr:2024052400001,research_search_usable,false,false,
20250812_104727,20250812_104727,confirmed,2021121000002,2021121000002,health.kr:2021121000002,research_search_usable,false,false,
20250812_104730,20250812_104730,review_required,,,,excluded_unconfirmed,false,false,official_match_status:review_required
20250812_104733,20250812_104733,confirmed,2017090500003,2017090500003,health.kr:2017090500003,research_search_usable,false,false,
20250812_104736,20250812_104736,confirmed,2024052400001,2024052400001,health.kr:2024052400001,research_search_usable,false,false,
20250812_104741,20250812_104741,confirmed,2018052300006,2018052300006,health.kr:2018052300006,research_search_usable,false,false,
20250812_104751,20250812_104751,confirmed,2017060100008,2017060100008,health.kr:2017060100008,research_search_usable,false,false,
20250812_104759,20250812_104759,confirmed,2022090800004,2022090800004,health.kr:2022090800004,research_search_usable,false,false,
20250812_104856,20250812_104856,confirmed,A11AKP08G2904,A11AKP08G2904,health.kr:A11AKP08G2904,research_search_usable,false,false,
20250812_104912,20250812_104912,confirmed,A11ABBBBB1105,A11ABBBBB1105,health.kr:A11ABBBBB1105,research_search_usable,false,false,
20250812_104930,20250812_104930,confirmed,A11A0071B0010,A11A0071B0010,health.kr:A11A0071B0010,research_search_usable,false,false,
20250812_104934,20250812_104934,confirmed,2009071506011,2009071506011,health.kr:2009071506011,research_search_usable,false,false,
20250812_104935,20250812_104935,confirmed,2009071506011,2009071506011,health.kr:2009071506011,research_search_usable,false,false,
20250812_104940,20250812_104940,confirmed,2016031600007,2016031600007,health.kr:2016031600007,research_search_usable,false,false,
20250812_104948,20250812_104948,not_applicable,,,,excluded_unconfirmed,false,false,official_match_status:not_applicable
20250812_104954,20250812_104954,confirmed,A11AOOOOO9487,A11AOOOOO9487,health.kr:A11AOOOOO9487,research_search_usable,false,false,
20250812_104959,20250812_104959,confirmed,2019053100012,2019053100012,health.kr:2019053100012,research_search_usable,false,false,
20250812_105007,20250812_105007,confirmed,2024102300003,2024102300003,health.kr:2024102300003,research_search_usable,false,false,
20250812_105011,20250812_105011,confirmed,A11AOOOOO6837,A11AOOOOO6837,health.kr:A11AOOOOO6837,research_search_usable,false,false,
20250812_105018,20250812_105018,confirmed,A11AKP08G3437,A11AKP08G3437,health.kr:A11AKP08G3437,research_search_usable,false,false,
20250812_105631,20250812_105631,not_applicable,,,,excluded_unconfirmed,false,false,official_match_status:not_applicable
20250812_105723,20250812_105723,not_found,,,,excluded_unconfirmed,false,false,official_match_status:not_found
20250812_105730,20250812_105730,not_applicable,,,,excluded_unconfirmed,false,false,official_match_status:not_applicable
20250812_105744,20250812_105744,not_applicable,,,,excluded_unconfirmed,false,false,official_match_status:not_applicable
20250812_105753,20250812_105753,not_found,,,,excluded_unconfirmed,false,false,official_match_status:not_found
20250812_105757,20250812_105757,not_applicable,,,,excluded_unconfirmed,false,false,official_match_status:not_applicable
20250812_105806,20250812_105806,not_applicable,,,,excluded_unconfirmed,false,false,official_match_status:not_applicable
20250812_105810,20250812_105810,not_applicable,,,,excluded_unconfirmed,false,false,official_match_status:not_applicable
20250812_105814,20250812_105814,not_applicable,,,,excluded_unconfirmed,false,false,official_match_status:not_applicable
20250812_105820,20250812_105820,not_applicable,,,,excluded_unconfirmed,false,false,official_match_status:not_applicable
20250812_105836,20250812_105836,not_applicable,,,,excluded_unconfirmed,false,false,official_match_status:not_applicable
20250812_105841,20250812_105841,not_applicable,,,,excluded_unconfirmed,false,false,official_match_status:not_applicable
20250812_105859,20250812_105859,not_found,,,,excluded_unconfirmed,false,false,official_match_status:not_found
20250812_105906,20250812_105906,not_applicable,,,,excluded_unconfirmed,false,false,official_match_status:not_applicable
20250812_105912,20250812_105912,not_applicable,,,,excluded_unconfirmed,false,false,official_match_status:not_applicable
20250812_105919,20250812_105919,not_applicable,,,,excluded_unconfirmed,false,false,official_match_status:not_applicable
20250812_105923,20250812_105923,not_applicable,,,,excluded_unconfirmed,false,false,official_match_status:not_applicable
20250812_105931,20250812_105931,not_found,,,,excluded_unconfirmed,false,false,official_match_status:not_found
20250812_105934,20250812_105934,not_applicable,,,,excluded_unconfirmed,false,false,official_match_status:not_applicable
20250812_105940,20250812_105940,not_applicable,,,,excluded_unconfirmed,false,false,official_match_status:not_applicable
20250812_105953,20250812_105953,not_found,,,,excluded_unconfirmed,false,false,official_match_status:not_found
20250812_105957,20250812_105957,not_found,,,,excluded_unconfirmed,false,false,official_match_status:not_found
20250812_110005,20250812_110005,not_applicable,,,,excluded_unconfirmed,false,false,official_match_status:not_applicable
20250812_110019,20250812_110019,not_applicable,,,,excluded_unconfirmed,false,false,official_match_status:not_applicable
20250812_110026,20250812_110026,not_found,,,,excluded_unconfirmed,false,false,official_match_status:not_found
20250812_110029,20250812_110029,not_found,,,,excluded_unconfirmed,false,false,official_match_status:not_found
20250812_110120,20250812_110120,not_applicable,,,,excluded_unconfirmed,false,false,official_match_status:not_applicable
20250812_110124,20250812_110124,not_applicable,,,,excluded_unconfirmed,false,false,official_match_status:not_applicable
20250812_110130,20250812_110130,not_applicable,,,,excluded_unconfirmed,false,false,official_match_status:not_applicable
20250812_110132,20250812_110132,not_applicable,,,,excluded_unconfirmed,false,false,official_match_status:not_applicable
20250812_110141,20250812_110141,not_applicable,,,,excluded_unconfirmed,false,false,official_match_status:not_applicable
20250812_110146,20250812_110146,not_found,,,,excluded_unconfirmed,false,false,official_match_status:not_found
20250812_110151,20250812_110151,not_applicable,,,,excluded_unconfirmed,false,false,official_match_status:not_applicable
20250812_110155,20250812_110155,not_applicable,,,,excluded_unconfirmed,false,false,official_match_status:not_applicable
20250812_110159,20250812_110159,not_found,,,,excluded_unconfirmed,false,false,official_match_status:not_found
20250812_110219,20250812_110219,not_found,,,,excluded_unconfirmed,false,false,official_match_status:not_found
20250812_110224,20250812_110224,not_found,,,,excluded_unconfirmed,false,false,official_match_status:not_found
20250812_110232,20250812_110232,not_found,,,,excluded_unconfirmed,false,false,official_match_status:not_found
20250812_110336,20250812_110336,not_applicable,,,,excluded_unconfirmed,false,false,official_match_status:not_applicable
20250812_110338,20250812_110338,not_applicable,,,,excluded_unconfirmed,false,false,official_match_status:not_applicable
20250812_110350,20250812_110350,not_applicable,,,,excluded_unconfirmed,false,false,official_match_status:not_applicable
20250812_110402,20250812_110402,not_applicable,,,,excluded_unconfirmed,false,false,official_match_status:not_applicable
20250812_110403,20250812_110403,not_applicable,,,,excluded_unconfirmed,false,false,official_match_status:not_applicable
20250812_110416,20250812_110416,not_applicable,,,,excluded_unconfirmed,false,false,official_match_status:not_applicable
20250812_110417,20250812_110417,not_applicable,,,,excluded_unconfirmed,false,false,official_match_status:not_applicable
20250812_110418,20250812_110418,not_applicable,,,,excluded_unconfirmed,false,false,official_match_status:not_applicable
20250812_110419,20250812_110419,not_applicable,,,,excluded_unconfirmed,false,false,official_match_status:not_applicable
20250812_110420,20250812_110420,not_applicable,,,,excluded_unconfirmed,false,false,official_match_status:not_applicable
20250812_110421,20250812_110421,not_applicable,,,,excluded_unconfirmed,false,false,official_match_status:not_applicable
20250812_110424,20250812_110424,not_applicable,,,,excluded_unconfirmed,false,false,official_match_status:not_applicable
20250812_110425,20250812_110425,not_applicable,,,,excluded_unconfirmed,false,false,official_match_status:not_applicable
20250812_110426,20250812_110426,not_applicable,,,,excluded_unconfirmed,false,false,official_match_status:not_applicable
20250812_110430,20250812_110430,not_applicable,,,,excluded_unconfirmed,false,false,official_match_status:not_applicable
20250812_110431,20250812_110431,not_applicable,,,,excluded_unconfirmed,false,false,official_match_status:not_applicable
20250812_110436,20250812_110436,not_applicable,,,,excluded_unconfirmed,false,false,official_match_status:not_applicable
20250812_110456,20250812_110456,not_applicable,,,,excluded_unconfirmed,false,false,official_match_status:not_applicable
20250812_110457,20250812_110457,not_applicable,,,,excluded_unconfirmed,false,false,official_match_status:not_applicable
20250812_110459,20250812_110459,not_applicable,,,,excluded_unconfirmed,false,false,official_match_status:not_applicable
20250812_110460,20250812_110460,not_applicable,,,,excluded_unconfirmed,false,false,official_match_status:not_applicable
20250812_110502,20250812_110502,not_applicable,,,,excluded_unconfirmed,false,false,official_match_status:not_applicable
20250812_110503,20250812_110503,not_applicable,,,,excluded_unconfirmed,false,false,official_match_status:not_applicable
20250812_110511,20250812_110511,review_required,,,,excluded_unconfirmed,false,false,official_match_status:review_required
20250812_110512,20250812_110512,not_applicable,,,,excluded_unconfirmed,false,false,official_match_status:not_applicable
20250812_110524,20250812_110524,not_applicable,,,,excluded_unconfirmed,false,false,official_match_status:not_applicable
20250812_110525,20250812_110525,not_applicable,,,,excluded_unconfirmed,false,false,official_match_status:not_applicable
20250812_110528,20250812_110528,not_found,,,,excluded_unconfirmed,false,false,official_match_status:not_found
20250812_110534,20250812_110534,not_applicable,,,,excluded_unconfirmed,false,false,official_match_status:not_applicable
20250812_110543,20250812_110543,not_applicable,,,,excluded_unconfirmed,false,false,official_match_status:not_applicable
20250812_110546,20250812_110546,not_applicable,,,,excluded_unconfirmed,false,false,official_match_status:not_applicable
20250812_110604,20250812_110604,not_found,,,,excluded_unconfirmed,false,false,official_match_status:not_found
20250812_110608,20250812_110608,not_applicable,,,,excluded_unconfirmed,false,false,official_match_status:not_applicable
20250812_110613,20250812_110613,not_applicable,,,,excluded_unconfirmed,false,false,official_match_status:not_applicable
20250812_110618,20250812_110618,not_applicable,,,,excluded_unconfirmed,false,false,official_match_status:not_applicable
20250812_110621,20250812_110621,not_applicable,,,,excluded_unconfirmed,false,false,official_match_status:not_applicable
20250812_110627,20250812_110627,not_applicable,,,,excluded_unconfirmed,false,false,official_match_status:not_applicable
20250812_110707,20250812_110707,not_found,,,,excluded_unconfirmed,false,false,official_match_status:not_found
20250812_110709,20250812_110709,not_applicable,,,,excluded_unconfirmed,false,false,official_match_status:not_applicable
20250812_110713,20250812_110713,not_found,,,,excluded_unconfirmed,false,false,official_match_status:not_found
20250812_110722,20250812_110722,review_required,,,,excluded_unconfirmed,false,false,official_match_status:review_required
20250812_110725,20250812_110725,not_found,,,,excluded_unconfirmed,false,false,official_match_status:not_found
20250812_110732,20250812_110732,not_found,,,,excluded_unconfirmed,false,false,official_match_status:not_found
20250812_110734,20250812_110734,not_applicable,,,,excluded_unconfirmed,false,false,official_match_status:not_applicable
20250812_110748,20250812_110748,not_applicable,,,,excluded_unconfirmed,false,false,official_match_status:not_applicable
20250812_110751,20250812_110751,not_found,,,,excluded_unconfirmed,false,false,official_match_status:not_found
20250812_110755,20250812_110755,not_found,,,,excluded_unconfirmed,false,false,official_match_status:not_found
20250812_110800,20250812_110800,review_required,,,,excluded_unconfirmed,false,false,official_match_status:review_required
20250812_110803,20250812_110803,review_required,,,,excluded_unconfirmed,false,false,official_match_status:review_required
20250812_110808,20250812_110808,confirmed,2024040400002,2024040400002,health.kr:2024040400002,research_search_usable,false,false,
20250812_110812,20250812_110812,confirmed,2022052400002,2022052400002,health.kr:2022052400002,research_search_usable,false,false,
20250812_110817,20250812_110817,review_required,,,,excluded_unconfirmed,false,false,official_match_status:review_required
20250812_110820,20250812_110820,not_found,,,,excluded_unconfirmed,false,false,official_match_status:not_found
20250812_110847,20250812_110847,confirmed,A11APPPPP1478,A11APPPPP1478,health.kr:A11APPPPP1478,research_search_usable,false,false,
20250812_110859,20250812_110859,confirmed,A11AOOOOO1897,A11AOOOOO1897,health.kr:A11AOOOOO1897,research_search_usable,false,false,
20250812_110902,20250812_110902,confirmed,2016061000013,2016061000013,health.kr:2016061000013,research_search_usable,false,false,
20250812_110907,20250812_110907,confirmed,2023022400002,2023022400002,health.kr:2023022400002,research_search_usable,false,false,
20250812_110922,20250812_110922,confirmed,2016012600005,2016012600005,health.kr:2016012600005,research_search_usable,false,false,
20250812_110925,20250812_110925,review_required,,,,excluded_unconfirmed,false,false,official_match_status:review_required
20250812_110932,20250812_110932,not_applicable,,,,excluded_unconfirmed,false,false,official_match_status:not_applicable
20250812_110942,20250812_110942,not_applicable,,,,excluded_unconfirmed,false,false,official_match_status:not_applicable
20250812_110952,20250812_110952,review_required,,,,excluded_unconfirmed,false,false,official_match_status:review_required
20250812_110955,20250812_110955,review_required,,,,excluded_unconfirmed,false,false,official_match_status:review_required
20250812_110958,20250812_110958,confirmed,A11A0430A0085,A11A0430A0085,health.kr:A11A0430A0085,research_search_usable,false,false,
20250812_111003,20250812_111003,confirmed,A11ALLLLL0103,A11ALLLLL0103,health.kr:A11ALLLLL0103,research_search_usable,false,false,
20250812_111018,20250812_111018,not_applicable,,,,excluded_unconfirmed,false,false,official_match_status:not_applicable
20250812_111103,20250812_111103,confirmed,2020032000005,2020032000005,health.kr:2020032000005,research_search_usable,false,false,
20250812_111110,20250812_111110,not_applicable,,,,excluded_unconfirmed,false,false,official_match_status:not_applicable
20250812_111112,20250812_111112,confirmed,2009110600004,2009110600004,health.kr:2009110600004,research_search_usable,false,false,
20250812_111123,20250812_111123,not_found,,,,excluded_unconfirmed,false,false,official_match_status:not_found
20250812_111133,20250812_111133,confirmed,2024111400004,2024111400004,health.kr:2024111400004,research_search_usable,false,false,
20250812_111135,20250812_111135,not_found,,,,excluded_unconfirmed,false,false,official_match_status:not_found
20250812_111138,20250812_111138,not_found,,,,excluded_unconfirmed,false,false,official_match_status:not_found
20250812_111141,20250812_111141,confirmed,2020033000020,2020033000020,health.kr:2020033000020,research_search_usable,false,false,
20250812_111145,20250812_111145,confirmed,A11A0200B0017,A11A0200B0017,health.kr:A11A0200B0017,research_search_usable,false,false,
20250812_111151,20250812_111151,not_found,,,,excluded_unconfirmed,false,false,official_match_status:not_found
20250812_111154,20250812_111154,not_found,,,,excluded_unconfirmed,false,false,official_match_status:not_found
20250812_111159,20250812_111159,confirmed,2018041600003,2018041600003,health.kr:2018041600003,research_search_usable,false,false,
20250812_111202,20250812_111202,confirmed,2023101900006,2023101900006,health.kr:2023101900006,research_search_usable,false,false,
20250812_111204,20250812_111204,confirmed,A11AKP07L0483,A11AKP07L0483,health.kr:A11AKP07L0483,research_search_usable,false,false,
20250812_111209,20250812_111209,not_found,,,,excluded_unconfirmed,false,false,official_match_status:not_found
20250812_111212,20250812_111212,confirmed,2023033000006,2023033000006,health.kr:2023033000006,research_search_usable,false,false,
20250812_111223,20250812_111223,confirmed,2009071505676,2009071505676,health.kr:2009071505676,research_search_usable,false,false,
20250812_111226,20250812_111226,confirmed,2023040300011,2023040300011,health.kr:2023040300011,research_search_usable,false,false,
20250812_111229,20250812_111229,not_found,,,,excluded_unconfirmed,false,false,official_match_status:not_found
20250812_111237,20250812_111237,not_found,,,,excluded_unconfirmed,false,false,official_match_status:not_found
20250812_111329,20250812_111329,confirmed,A11A0670A0329,A11A0670A0329,health.kr:A11A0670A0329,research_search_usable,false,false,
20250812_111336,20250812_111336,confirmed,A11AKP08F1261,A11AKP08F1261,health.kr:A11AKP08F1261,research_search_usable,false,false,
20250812_111337,20250812_111337,confirmed,A11AKP08F1359,A11AKP08F1359,health.kr:A11AKP08F1359,research_search_usable,false,false,
20250812_111355,20250812_111355,confirmed,A11A2460A0140,A11A2460A0140,health.kr:A11A2460A0140,research_search_usable,false,false,
20250812_111509,20250812_111509,confirmed,2024032700007,2024032700007,health.kr:2024032700007,research_search_usable,false,false,
20250812_111521,20250812_111521,confirmed,2013101100013,2013101100013,health.kr:2013101100013,research_search_usable,false,false,
20250812_111535,20250812_111535,confirmed,A11A3780A0139,A11A3780A0139,health.kr:A11A3780A0139,research_search_usable,false,false,
20250812_111541,20250812_111541,confirmed,2018091100002,2018091100002,health.kr:2018091100002,research_search_usable,false,false,
20250812_111545,20250812_111545,confirmed,2016021700002,2016021700002,health.kr:2016021700002,research_search_usable,false,false,
20250812_111551,20250812_111551,confirmed,2017082400007,2017082400007,health.kr:2017082400007,research_search_usable,false,false,
20250812_111632,20250812_111632,confirmed,A11AJJJJJ0511,A11AJJJJJ0511,health.kr:A11AJJJJJ0511,research_search_usable,false,false,
20250812_111746,20250812_111746,confirmed,A11AGGGGA1783,A11AGGGGA1783,health.kr:A11AGGGGA1783,research_search_usable,false,false,
20250812_111751,20250812_111751,confirmed,2019122300003,2019122300003,health.kr:2019122300003,research_search_usable,false,false,
20250812_111756,20250812_111756,confirmed,raykmqsuqw6fy,raykmqsuqw6fy,health.kr:raykmqsuqw6fy,research_search_usable,false,false,
20250812_111758,20250812_111758,confirmed,2020010700001,2020010700001,health.kr:2020010700001,research_search_usable,false,false,
20250812_111802,20250812_111802,review_required,,,,excluded_unconfirmed,false,false,official_match_status:review_required
20250812_111805,20250812_111805,confirmed,A11A1590B0031,A11A1590B0031,health.kr:A11A1590B0031,research_search_usable,false,false,
20250812_111811,20250812_111811,confirmed,2024051400007,2024051400007,health.kr:2024051400007,research_search_usable,false,false,
20250812_111814,20250812_111814,review_required,,,,excluded_unconfirmed,false,false,official_match_status:review_required
20250812_111821,20250812_111821,confirmed,2013041200009,2013041200009,health.kr:2013041200009,research_search_usable,false,false,
20250812_111823,20250812_111823,confirmed,A11AKP07L0206,A11AKP07L0206,health.kr:A11AKP07L0206,research_search_usable,false,false,
20250812_111830,20250812_111830,confirmed,2023031500003,2023031500003,health.kr:2023031500003,research_search_usable,false,false,
20250812_111901,20250812_111901,confirmed,2013011800015,2013011800015,health.kr:2013011800015,research_search_usable,false,false,
20250812_111904,20250812_111904,confirmed,4mmn5udgx7cjw,4mmn5udgx7cjw,health.kr:4mmn5udgx7cjw,research_search_usable,false,false,
20250812_111907,20250812_111907,confirmed,2024032000001,2024032000001,health.kr:2024032000001,research_search_usable,false,false,
20250812_112150,20250812_112150,not_applicable,,,,excluded_unconfirmed,false,false,official_match_status:not_applicable
20250812_112153,20250812_112153,not_applicable,,,,excluded_unconfirmed,false,false,official_match_status:not_applicable
20250812_112156,20250812_112156,not_applicable,,,,excluded_unconfirmed,false,false,official_match_status:not_applicable
20250812_112224,20250812_112224,not_found,,,,excluded_unconfirmed,false,false,official_match_status:not_found
20250812_112336,20250812_112336,not_found,,,,excluded_unconfirmed,false,false,official_match_status:not_found
20250812_112340,20250812_112340,confirmed,A11AKP07L0377,A11AKP07L0377,health.kr:A11AKP07L0377,research_search_usable,false,false,
20250812_112347,20250812_112347,confirmed,A11A2670A0001,A11A2670A0001,health.kr:A11A2670A0001,research_search_usable,false,false,
20250812_112437,20250812_112437,not_found,,,,excluded_unconfirmed,false,false,official_match_status:not_found
20250812_112447,20250812_112447,confirmed,A11AKP08G2716,A11AKP08G2716,health.kr:A11AKP08G2716,research_search_usable,false,false,
20250812_112448,20250812_112448,confirmed,2012090700001,2012090700001,health.kr:2012090700001,research_search_usable,false,false,
20250812_112450,20250812_112450,confirmed,A11ABBBBB2499,A11ABBBBB2499,health.kr:A11ABBBBB2499,research_search_usable,false,false,
20250812_112452,20250812_112452,confirmed,2017080100007,2017080100007,health.kr:2017080100007,research_search_usable,false,false,
20250812_112455,20250812_112455,not_found,,,,excluded_unconfirmed,false,false,official_match_status:not_found
20250812_112456,20250812_112456,confirmed,2020031300008,2020031300008,health.kr:2020031300008,research_search_usable,false,false,
20250812_112523,20250812_112523,confirmed,A11AKP08G1014,A11AKP08G1014,health.kr:A11AKP08G1014,research_search_usable,false,false,
20250812_112528,20250812_112528,confirmed,A11AKP08G1024,A11AKP08G1024,health.kr:A11AKP08G1024,research_search_usable,false,false,
20250812_112535,20250812_112535,confirmed,A11AOOOOO9995,A11AOOOOO9995,health.kr:A11AOOOOO9995,research_search_usable,false,false,
20250812_112540,20250812_112540,confirmed,A11AOOOOO9994,A11AOOOOO9994,health.kr:A11AOOOOO9994,research_search_usable,false,false,
20250812_112542,20250812_112542,review_required,,,,excluded_unconfirmed,false,false,official_match_status:review_required
20250812_112549,20250812_112549,review_required,,,,excluded_unconfirmed,false,false,official_match_status:review_required
20250812_112552,20250812_112552,review_required,,,,excluded_unconfirmed,false,false,official_match_status:review_required
20250812_112605,20250812_112605,confirmed,A11A0120A0490,A11A0120A0490,health.kr:A11A0120A0490,research_search_usable,false,false,
20250812_112611,20250812_112611,confirmed,2018092000013,2018092000013,health.kr:2018092000013,research_search_usable,false,false,
20250812_112613,20250812_112613,confirmed,2009071505482,2009071505482,health.kr:2009071505482,research_search_usable,false,false,
20250812_112615,20250812_112615,confirmed,2009071506049,2009071506049,health.kr:2009071506049,research_search_usable,false,false,
20250812_112640,20250812_112640,confirmed,m3eqlftigkgmd,m3eqlftigkgmd,health.kr:m3eqlftigkgmd,research_search_usable,false,false,
20250812_112643,20250812_112643,confirmed,krqpwvlvb3q6f,krqpwvlvb3q6f,health.kr:krqpwvlvb3q6f,research_search_usable,false,false,
20250812_112646,20250812_112646,confirmed,A11AKP09B0079,A11AKP09B0079,health.kr:A11AKP09B0079,research_search_usable,false,false,
20250812_112649,20250812_112649,confirmed,A11AGGGGG7026,A11AGGGGG7026,health.kr:A11AGGGGG7026,research_search_usable,false,false,
20250812_112655,20250812_112655,review_required,,,,excluded_unconfirmed,false,false,official_match_status:review_required
20250812_112658,20250812_112658,confirmed,A11AKP08G1445,A11AKP08G1445,health.kr:A11AKP08G1445,research_search_usable,false,false,
20250812_112701,20250812_112701,confirmed,A11AGGGGG7012,A11AGGGGG7012,health.kr:A11AGGGGG7012,research_search_usable,false,false,
20250812_112703,20250812_112703,confirmed,A11AGGGGG7016,A11AGGGGG7016,health.kr:A11AGGGGG7016,research_search_usable,false,false,
20250812_112710,20250812_112710,confirmed,A11AGGGGG7024,A11AGGGGG7024,health.kr:A11AGGGGG7024,research_search_usable,false,false,
20250812_112717,20250812_112717,confirmed,r2akid2k0uy5q,r2akid2k0uy5q,health.kr:r2akid2k0uy5q,research_search_usable,false,false,
20250812_112725,20250812_112725,confirmed,A11APPPPP2465,A11APPPPP2465,health.kr:A11APPPPP2465,research_search_usable,false,false,
20250812_112736,20250812_112736,confirmed,A11AKP08F1059,A11AKP08F1059,health.kr:A11AKP08F1059,research_search_usable,false,false,
20250812_112748,20250812_112748,confirmed,A11AKP08L0127,A11AKP08L0127,health.kr:A11AKP08L0127,research_search_usable,false,false,
20250812_112812,20250812_112812,confirmed,A11AKP08G3824,A11AKP08G3824,health.kr:A11AKP08G3824,research_search_usable,false,false,
20250812_112814,20250812_112814,confirmed,A11A1520B0109,A11A1520B0109,health.kr:A11A1520B0109,research_search_usable,false,false,
20250812_112817,20250812_112817,confirmed,2021121400003,2021121400003,health.kr:2021121400003,research_search_usable,false,false,
20250812_112823,20250812_112823,confirmed,0kyz5yr4dgsh0,0kyz5yr4dgsh0,health.kr:0kyz5yr4dgsh0,research_search_usable,false,false,
20250812_112826,20250812_112826,confirmed,A11AOOOOO1910,A11AOOOOO1910,health.kr:A11AOOOOO1910,research_search_usable,false,false,
20250812_112857,20250812_112857,confirmed,po5zgx2ggwhhy,po5zgx2ggwhhy,health.kr:po5zgx2ggwhhy,research_search_usable,false,false,
20250812_112904,20250812_112904,confirmed,A11AKP08G1151,A11AKP08G1151,health.kr:A11AKP08G1151,research_search_usable,false,false,
20250812_112909,20250812_112909,confirmed,A11AKP08G1247,A11AKP08G1247,health.kr:A11AKP08G1247,research_search_usable,false,false,
20250812_112915,20250812_112915,confirmed,2012091400010,2012091400010,health.kr:2012091400010,research_search_usable,false,false,
20250812_112920,20250812_112920,review_required,,,,excluded_unconfirmed,false,false,official_match_status:review_required
20250812_112926,20250812_112926,confirmed,A11AOOOOO1808,A11AOOOOO1808,health.kr:A11AOOOOO1808,research_search_usable,false,false,
20250812_112930,20250812_112930,review_required,,,,excluded_unconfirmed,false,false,official_match_status:review_required
20250812_112932,20250812_112932,confirmed,A11AKP07L0178,A11AKP07L0178,health.kr:A11AKP07L0178,research_search_usable,false,false,
20250812_112951,20250812_112951,confirmed,krqpwvlvb3q6f,krqpwvlvb3q6f,health.kr:krqpwvlvb3q6f,research_search_usable,false,false,
20250812_113116,20250812_113116,confirmed,2020101600012,2020101600012,health.kr:2020101600012,research_search_usable,false,false,
20250812_113118,20250812_113118,confirmed,2024050900002,2024050900002,health.kr:2024050900002,research_search_usable,false,false,
20250812_113119,20250812_113119,confirmed,2020120700001,2020120700001,health.kr:2020120700001,research_search_usable,false,false,
20250812_113122,20250812_113122,confirmed,2021063000012,2021063000012,health.kr:2021063000012,research_search_usable,false,false,
20250812_113124,20250812_113124,confirmed,2015081800005,2015081800005,health.kr:2015081800005,research_search_usable,false,false,
20250812_113126,20250812_113126,review_required,,,,excluded_unconfirmed,false,false,official_match_status:review_required
20250812_113129,20250812_113129,confirmed,2024081400010,2024081400010,health.kr:2024081400010,research_search_usable,false,false,
20250812_113132,20250812_113132,confirmed,2020031300007,2020031300007,health.kr:2020031300007,research_search_usable,false,false,
20250812_113138,20250812_113138,review_required,,,,excluded_unconfirmed,false,false,official_match_status:review_required
20250812_113143,20250812_113143,confirmed,A11AOOOOO2696,A11AOOOOO2696,health.kr:A11AOOOOO2696,research_search_usable,false,false,
20250812_113147,20250812_113147,confirmed,2019052200054,2019052200054,health.kr:2019052200054,research_search_usable,false,false,
20250812_113149,20250812_113149,confirmed,A11AKP07K0065,A11AKP07K0065,health.kr:A11AKP07K0065,research_search_usable,false,false,
20250812_113152,20250812_113152,review_required,,,,excluded_unconfirmed,false,false,official_match_status:review_required
20250812_113200,20250812_113200,confirmed,A11A6030B0003,A11A6030B0003,health.kr:A11A6030B0003,research_search_usable,false,false,
20250812_113206,20250812_113206,review_required,,,,excluded_unconfirmed,false,false,official_match_status:review_required
20250812_113208,20250812_113208,confirmed,A11A1310A0158,A11A1310A0158,health.kr:A11A1310A0158,research_search_usable,false,false,
20250812_113218,20250812_113218,confirmed,2024051600001,2024051600001,health.kr:2024051600001,research_search_usable,false,false,
20250812_113220,20250812_113220,confirmed,2015072900002,2015072900002,health.kr:2015072900002,research_search_usable,false,false,
20250812_113221,20250812_113221,confirmed,2012030700009,2012030700009,health.kr:2012030700009,research_search_usable,false,false,
20250812_113223,20250812_113223,confirmed,2024032800007,2024032800007,health.kr:2024032800007,research_search_usable,false,false,
20250812_113226,20250812_113226,confirmed,2023091500031,2023091500031,health.kr:2023091500031,research_search_usable,false,false,
20250812_113228,20250812_113228,confirmed,2021022300014,2021022300014,health.kr:2021022300014,research_search_usable,false,false,
20250812_113230,20250812_113230,review_required,,,,excluded_unconfirmed,false,false,official_match_status:review_required
20250812_113236,20250812_113236,confirmed,2015011500012,2015011500012,health.kr:2015011500012,research_search_usable,false,false,
20250812_113240,20250812_113240,confirmed,2020051500019,2020051500019,health.kr:2020051500019,research_search_usable,false,false,
20250812_113243,20250812_113243,confirmed,2014042400002,2014042400002,health.kr:2014042400002,research_search_usable,false,false,
20250812_113248,20250812_113248,confirmed,2019012500051,2019012500051,health.kr:2019012500051,research_search_usable,false,false,
20250812_113251,20250812_113251,confirmed,A11A0450A0177,A11A0450A0177,health.kr:A11A0450A0177,research_search_usable,false,false,
20250812_113255,20250812_113255,confirmed,2023120400001,2023120400001,health.kr:2023120400001,research_search_usable,false,false,
20250812_113258,20250812_113258,confirmed,2019090900165,2019090900165,health.kr:2019090900165,research_search_usable,false,false,
20250812_113301,20250812_113301,confirmed,2024111400001,2024111400001,health.kr:2024111400001,research_search_usable,false,false,
20250812_113303,20250812_113303,confirmed,2019062500057,2019062500057,health.kr:2019062500057,research_search_usable,false,false,
20250812_113308,20250812_113308,confirmed,2021050400003,2021050400003,health.kr:2021050400003,research_search_usable,false,false,
20250812_113313,20250812_113313,not_applicable,,,,excluded_unconfirmed,false,false,official_match_status:not_applicable
20250812_113315,20250812_113315,confirmed,A11ABBBBB1288,A11ABBBBB1288,health.kr:A11ABBBBB1288,research_search_usable,false,false,
20250812_113323,20250812_113323,review_required,,,,excluded_unconfirmed,false,false,official_match_status:review_required
20250812_113326,20250812_113326,confirmed,2020080400019,2020080400019,health.kr:2020080400019,research_search_usable,false,false,
20250812_113334,20250812_113334,confirmed,A11A0500A0154,A11A0500A0154,health.kr:A11A0500A0154,research_search_usable,false,false,
20250812_113345,20250812_113345,confirmed,A11A3060A0344,A11A3060A0344,health.kr:A11A3060A0344,research_search_usable,false,false,
20250812_113347,20250812_113347,review_required,,,,excluded_unconfirmed,false,false,official_match_status:review_required
20250812_113350,20250812_113350,confirmed,A11AKP08G2163,A11AKP08G2163,health.kr:A11AKP08G2163,research_search_usable,false,false,
20250812_113352,20250812_113352,not_found,,,,excluded_unconfirmed,false,false,official_match_status:not_found
20250812_113356,20250812_113356,confirmed,A11AKP08F1048,A11AKP08F1048,health.kr:A11AKP08F1048,research_search_usable,false,false,
20250812_113403,20250812_113403,not_found,,,,excluded_unconfirmed,false,false,official_match_status:not_found
20250812_113405,20250812_113405,not_applicable,,,,excluded_unconfirmed,false,false,official_match_status:not_applicable
20250812_113439,20250812_113439,confirmed,A11A1380A0031,A11A1380A0031,health.kr:A11A1380A0031,research_search_usable,false,false,
20250812_113450,20250812_113450,confirmed,2016072600007,2016072600007,health.kr:2016072600007,research_search_usable,false,false,
20250812_113458,20250812_113458,confirmed,A11A0340A0060,A11A0340A0060,health.kr:A11A0340A0060,research_search_usable,false,false,
20250812_113504,20250812_113504,confirmed,2018021200007,2018021200007,health.kr:2018021200007,research_search_usable,false,false,
20250812_113556,20250812_113556,review_required,,,,excluded_unconfirmed,false,false,official_match_status:review_required
20250812_113558,20250812_113558,confirmed,A11A1280A0202,A11A1280A0202,health.kr:A11A1280A0202,research_search_usable,false,false,
20250812_113600,20250812_113600,confirmed,A11AOOOOO3889,A11AOOOOO3889,health.kr:A11AOOOOO3889,research_search_usable,false,false,
20250812_113603,20250812_113603,confirmed,2020111100007,2020111100007,health.kr:2020111100007,research_search_usable,false,false,
20250812_113607,20250812_113607,confirmed,2019052900002,2019052900002,health.kr:2019052900002,research_search_usable,false,false,
20250812_113609,20250812_113609,confirmed,A11APPPPP2640,A11APPPPP2640,health.kr:A11APPPPP2640,research_search_usable,false,false,
20250812_113611,20250812_113611,confirmed,2016061500027,2016061500027,health.kr:2016061500027,research_search_usable,false,false,
20250812_113614,20250812_113614,review_required,,,,excluded_unconfirmed,false,false,official_match_status:review_required
20250812_113616,20250812_113616,review_required,,,,excluded_unconfirmed,false,false,official_match_status:review_required
20250812_113618,20250812_113618,review_required,,,,excluded_unconfirmed,false,false,official_match_status:review_required
20250812_113625,20250812_113625,confirmed,A11ALLLLL0102,A11ALLLLL0102,health.kr:A11ALLLLL0102,research_search_usable,false,false,
20250812_113630,20250812_113630,review_required,,,,excluded_unconfirmed,false,false,official_match_status:review_required
20250812_113631,20250812_113631,review_required,,,,excluded_unconfirmed,false,false,official_match_status:review_required
20250812_113634,20250812_113634,confirmed,2024112700006,2024112700006,health.kr:2024112700006,research_search_usable,false,false,
20250812_113640,20250812_113640,confirmed,2024040400003,2024040400003,health.kr:2024040400003,research_search_usable,false,false,
20250812_113733,20250812_113733,confirmed,A11ABBBBB2010,A11ABBBBB2010,health.kr:A11ABBBBB2010,research_search_usable,false,false,
20250812_113738,20250812_113738,review_required,,,,excluded_unconfirmed,false,false,official_match_status:review_required
20250812_113752,20250812_113752,confirmed,A11ABBBBB0727,A11ABBBBB0727,health.kr:A11ABBBBB0727,research_search_usable,false,false,
20250812_113754,20250812_113754,confirmed,r4tv2ahltipre,r4tv2ahltipre,health.kr:r4tv2ahltipre,research_search_usable,false,false,
20250812_113759,20250812_113759,confirmed,A11A1500A0412,A11A1500A0412,health.kr:A11A1500A0412,research_search_usable,false,false,
20250812_113801,20250812_113801,confirmed,2015120200002,2015120200002,health.kr:2015120200002,research_search_usable,false,false,
20250812_113812,20250812_113812,confirmed,A11A1500B0070,A11A1500B0070,health.kr:A11A1500B0070,research_search_usable,false,false,
20250812_113824,20250812_113824,confirmed,A11A1500A0493,A11A1500A0493,health.kr:A11A1500A0493,research_search_usable,false,false,
20250812_113827,20250812_113827,confirmed,A11AKP08G1443,A11AKP08G1443,health.kr:A11AKP08G1443,research_search_usable,false,false,
20250812_113830,20250812_113830,confirmed,A11A1500A0437,A11A1500A0437,health.kr:A11A1500A0437,research_search_usable,false,false,
20250812_113837,20250812_113837,confirmed,2019071200031,2019071200031,health.kr:2019071200031,research_search_usable,false,false,
20250812_113840,20250812_113840,confirmed,A11A0090A0320,A11A0090A0320,health.kr:A11A0090A0320,research_search_usable,false,false,
20250812_113914,20250812_113914,confirmed,A11A0740B0009,A11A0740B0009,health.kr:A11A0740B0009,research_search_usable,false,false,
20250812_113916,20250812_113916,confirmed,2021122200006,2021122200006,health.kr:2021122200006,research_search_usable,false,false,
20250812_113919,20250812_113919,confirmed,A11A0740B0009,A11A0740B0009,health.kr:A11A0740B0009,research_search_usable,false,false,
20250812_113921,20250812_113921,confirmed,A11A0740B0011,A11A0740B0011,health.kr:A11A0740B0011,research_search_usable,false,false,
20250812_113925,20250812_113925,not_found,,,,excluded_unconfirmed,false,false,official_match_status:not_found
20250812_113927,20250812_113927,confirmed,2019082200037,2019082200037,health.kr:2019082200037,research_search_usable,false,false,
20250812_113929,20250812_113929,review_required,,,,excluded_unconfirmed,false,false,official_match_status:review_required
20250812_113941,20250812_113941,confirmed,2022032100002,2022032100002,health.kr:2022032100002,research_search_usable,false,false,
20250812_113942,20250812_113942,confirmed,A11A1270B0089,A11A1270B0089,health.kr:A11A1270B0089,research_search_usable,false,false,
20250812_113944,20250812_113944,confirmed,tn6yaahui2y5m,tn6yaahui2y5m,health.kr:tn6yaahui2y5m,research_search_usable,false,false,
20250812_113946,20250812_113946,confirmed,2022011200014,2022011200014,health.kr:2022011200014,research_search_usable,false,false,
20250812_113951,20250812_113951,review_required,,,,excluded_unconfirmed,false,false,official_match_status:review_required
20250812_113953,20250812_113953,confirmed,2018080700007,2018080700007,health.kr:2018080700007,research_search_usable,false,false,
20250812_113955,20250812_113955,confirmed,A11AMMMMM0132,A11AMMMMM0132,health.kr:A11AMMMMM0132,research_search_usable,false,false,
20250812_113958,20250812_113958,confirmed,A11A2060A0084,A11A2060A0084,health.kr:A11A2060A0084,research_search_usable,false,false,
20250812_114000,20250812_114000,review_required,,,,excluded_unconfirmed,false,false,official_match_status:review_required
20250812_114001,20250812_114001,confirmed,A11AOOOOO2522,A11AOOOOO2522,health.kr:A11AOOOOO2522,research_search_usable,false,false,
20250812_114004,20250812_114004,confirmed,A11AHHHHH0014,A11AHHHHH0014,health.kr:A11AHHHHH0014,research_search_usable,false,false,
20250812_114007,20250812_114007,confirmed,2009071505474,2009071505474,health.kr:2009071505474,research_search_usable,false,false,
20250812_114012,20250812_114012,confirmed,A11A3550A0164,A11A3550A0164,health.kr:A11A3550A0164,research_search_usable,false,false,
20250812_114016,20250812_114016,not_found,,,,excluded_unconfirmed,false,false,official_match_status:not_found
20250812_114031,20250812_114031,review_required,,,,excluded_unconfirmed,false,false,official_match_status:review_required
20250812_114033,20250812_114033,confirmed,pmewl0drvmfc7,pmewl0drvmfc7,health.kr:pmewl0drvmfc7,research_search_usable,false,false,
20250812_114035,20250812_114035,not_found,,,,excluded_unconfirmed,false,false,official_match_status:not_found
20250812_114037,20250812_114037,not_found,,,,excluded_unconfirmed,false,false,official_match_status:not_found
20250812_114045,20250812_114045,confirmed,A11AKP08D0143,A11AKP08D0143,health.kr:A11AKP08D0143,research_search_usable,false,false,
20250812_114049,20250812_114049,confirmed,y0uwsrxlvahx3,y0uwsrxlvahx3,health.kr:y0uwsrxlvahx3,research_search_usable,false,false,
20250812_114054,20250812_114054,not_found,,,,excluded_unconfirmed,false,false,official_match_status:not_found
20250812_114059,20250812_114059,confirmed,2015022600009,2015022600009,health.kr:2015022600009,research_search_usable,false,false,
20250812_114112,20250812_114112,confirmed,2021102200007,2021102200007,health.kr:2021102200007,research_search_usable,false,false,
20250812_114117,20250812_114117,confirmed,2024052900006,2024052900006,health.kr:2024052900006,research_search_usable,false,false,
20250812_114122,20250812_114122,not_found,,,,excluded_unconfirmed,false,false,official_match_status:not_found
20250812_114124,20250812_114124,not_found,,,,excluded_unconfirmed,false,false,official_match_status:not_found
20250812_114127,20250812_114127,review_required,,,,excluded_unconfirmed,false,false,official_match_status:review_required
20250812_114328,20250812_114328,confirmed,2016040700006,2016040700006,health.kr:2016040700006,research_search_usable,false,false,
20250812_114337,20250812_114337,confirmed,2022021000010,2022021000010,health.kr:2022021000010,research_search_usable,false,false,
20250812_114339,20250812_114339,confirmed,A11AKP08L0153,A11AKP08L0153,health.kr:A11AKP08L0153,research_search_usable,false,false,
20250812_114341,20250812_114341,confirmed,2018100500006,2018100500006,health.kr:2018100500006,research_search_usable,false,false,
20250812_114349,20250812_114349,confirmed,A11A3780A0129,A11A3780A0129,health.kr:A11A3780A0129,research_search_usable,false,false,
20250812_114351,20250812_114351,confirmed,A11A3780A0129,A11A3780A0129,health.kr:A11A3780A0129,research_search_usable,false,false,
20250812_114357,20250812_114357,confirmed,2009090700205,2009090700205,health.kr:2009090700205,research_search_usable,false,false,
20250812_114359,20250812_114359,confirmed,2024013000004,2024013000004,health.kr:2024013000004,research_search_usable,false,false,
20250812_114405,20250812_114405,confirmed,A11A2670A0001,A11A2670A0001,health.kr:A11A2670A0001,research_search_usable,false,false,
20250812_114407,20250812_114407,confirmed,2024011800001,2024011800001,health.kr:2024011800001,research_search_usable,false,false,
20250812_114409,20250812_114409,confirmed,2022120700002,2022120700002,health.kr:2022120700002,research_search_usable,false,false,
20250812_114411,20250812_114411,not_found,,,,excluded_unconfirmed,false,false,official_match_status:not_found
20250812_114416,20250812_114416,confirmed,2023041200002,2023041200002,health.kr:2023041200002,research_search_usable,false,false,
20250812_114418,20250812_114418,confirmed,A11A0090A0026,A11A0090A0026,health.kr:A11A0090A0026,research_search_usable,false,false,
20250812_114420,20250812_114420,review_required,,,,excluded_unconfirmed,false,false,official_match_status:review_required
20250812_114422,20250812_114422,not_found,,,,excluded_unconfirmed,false,false,official_match_status:not_found
20250812_114424,20250812_114424,confirmed,A11AKP07L0378,A11AKP07L0378,health.kr:A11AKP07L0378,research_search_usable,false,false,
20250812_114427,20250812_114427,confirmed,A11AOOOOO0816,A11AOOOOO0816,health.kr:A11AOOOOO0816,research_search_usable,false,false,
20250812_114430,20250812_114430,confirmed,A11AKP07L0357,A11AKP07L0357,health.kr:A11AKP07L0357,research_search_usable,false,false,
20250812_114431,20250812_114431,confirmed,A11AKP08G1273,A11AKP08G1273,health.kr:A11AKP08G1273,research_search_usable,false,false,
20250812_114437,20250812_114437,review_required,,,,excluded_unconfirmed,false,false,official_match_status:review_required
20250812_114439,20250812_114439,review_required,,,,excluded_unconfirmed,false,false,official_match_status:review_required
20250812_114442,20250812_114442,confirmed,2017071200002,2017071200002,health.kr:2017071200002,research_search_usable,false,false,
20250812_114447,20250812_114447,confirmed,2021071300001,2021071300001,health.kr:2021071300001,research_search_usable,false,false,
20250812_114455,20250812_114455,confirmed,2019102800004,2019102800004,health.kr:2019102800004,research_search_usable,false,false,
20250812_114504,20250812_114504,confirmed,A11AKP07L0109,A11AKP07L0109,health.kr:A11AKP07L0109,research_search_usable,false,false,
20250812_114506,20250812_114506,confirmed,2014022800018,2014022800018,health.kr:2014022800018,research_search_usable,false,false,
20250812_114508,20250812_114508,confirmed,2014061600003,2014061600003,health.kr:2014061600003,research_search_usable,false,false,
20250812_114511,20250812_114511,confirmed,A11A1280A0365,A11A1280A0365,health.kr:A11A1280A0365,research_search_usable,false,false,
20250812_114516,20250812_114516,confirmed,2013031400003,2013031400003,health.kr:2013031400003,research_search_usable,false,false,
20250812_114518,20250812_114518,confirmed,2020021200019,2020021200019,health.kr:2020021200019,research_search_usable,false,false,
20250812_114520,20250812_114520,review_required,,,,excluded_unconfirmed,false,false,official_match_status:review_required
20250812_114524,20250812_114524,confirmed,2020041600014,2020041600014,health.kr:2020041600014,research_search_usable,false,false,
20250812_114526,20250812_114526,confirmed,2020012900020,2020012900020,health.kr:2020012900020,research_search_usable,false,false,
20250812_114533,20250812_114533,confirmed,A11A0930A0424,A11A0930A0424,health.kr:A11A0930A0424,research_search_usable,false,false,
20250812_114544,20250812_114544,confirmed,A11AKP08G0782,A11AKP08G0782,health.kr:A11AKP08G0782,research_search_usable,false,false,
20250812_114551,20250812_114551,confirmed,2020120100007,2020120100007,health.kr:2020120100007,research_search_usable,false,false,
20250812_114651,20250812_114651,review_required,,,,excluded_unconfirmed,false,false,official_match_status:review_required
20250812_114655,20250812_114655,not_found,,,,excluded_unconfirmed,false,false,official_match_status:not_found
20250812_114657,20250812_114657,review_required,,,,excluded_unconfirmed,false,false,official_match_status:review_required
20250812_114704,20250812_114704,confirmed,A11AJJJJJ0523,A11AJJJJJ0523,health.kr:A11AJJJJJ0523,research_search_usable,false,false,
20250812_114707,20250812_114707,review_required,,,,excluded_unconfirmed,false,false,official_match_status:review_required
20250812_114712,20250812_114712,confirmed,2016110200007,2016110200007,health.kr:2016110200007,research_search_usable,false,false,
20250812_114715,20250812_114715,confirmed,A11AKP08I0024,A11AKP08I0024,health.kr:A11AKP08I0024,research_search_usable,false,false,
20250812_114721,20250812_114721,confirmed,A11ADDDDD0017,A11ADDDDD0017,health.kr:A11ADDDDD0017,research_search_usable,false,false,
20250812_114725,20250812_114725,confirmed,A11AKP08K0068,A11AKP08K0068,health.kr:A11AKP08K0068,research_search_usable,false,false,
20250812_114737,20250812_114737,not_applicable,,,,excluded_unconfirmed,false,false,official_match_status:not_applicable
20250812_114745,20250812_114745,confirmed,A11A3180A0218,A11A3180A0218,health.kr:A11A3180A0218,research_search_usable,false,false,
20250812_114747,20250812_114747,confirmed,2013080100067,2013080100067,health.kr:2013080100067,research_search_usable,false,false,
20250812_114756,20250812_114756,not_found,,,,excluded_unconfirmed,false,false,official_match_status:not_found
20250812_114800,20250812_114800,not_found,,,,excluded_unconfirmed,false,false,official_match_status:not_found
20250812_114802,20250812_114802,confirmed,A11A3060A0194,A11A3060A0194,health.kr:A11A3060A0194,research_search_usable,false,false,
20250812_114805,20250812_114805,not_found,,,,excluded_unconfirmed,false,false,official_match_status:not_found
20250812_114808,20250812_114808,not_applicable,,,,excluded_unconfirmed,false,false,official_match_status:not_applicable
20250812_114824,20250812_114824,confirmed,A11AOOOOO2441,A11AOOOOO2441,health.kr:A11AOOOOO2441,research_search_usable,false,false,
20250812_114826,20250812_114826,not_applicable,,,,excluded_unconfirmed,false,false,official_match_status:not_applicable
20250812_114829,20250812_114829,confirmed,A11AKP09E0049,A11AKP09E0049,health.kr:A11AKP09E0049,research_search_usable,false,false,
20250812_114833,20250812_114833,confirmed,A11A0090A0025,A11A0090A0025,health.kr:A11A0090A0025,research_search_usable,false,false,
20250812_114911,20250812_114911,not_applicable,,,,excluded_unconfirmed,false,false,official_match_status:not_applicable
20250812_114918,20250812_114918,not_found,,,,excluded_unconfirmed,false,false,official_match_status:not_found
20250812_114924,20250812_114924,not_found,,,,excluded_unconfirmed,false,false,official_match_status:not_found
20250812_114928,20250812_114928,not_found,,,,excluded_unconfirmed,false,false,official_match_status:not_found
20250812_114929,20250812_114929,review_required,,,,excluded_unconfirmed,false,false,official_match_status:review_required
20250812_114935,20250812_114935,not_found,,,,excluded_unconfirmed,false,false,official_match_status:not_found
20250812_114938,20250812_114938,not_found,,,,excluded_unconfirmed,false,false,official_match_status:not_found
20250812_114941,20250812_114941,not_found,,,,excluded_unconfirmed,false,false,official_match_status:not_found
20250812_114943,20250812_114943,not_found,,,,excluded_unconfirmed,false,false,official_match_status:not_found
20250812_115001,20250812_115001,review_required,,,,excluded_unconfirmed,false,false,official_match_status:review_required
20250812_115003,20250812_115003,not_applicable,,,,excluded_unconfirmed,false,false,official_match_status:not_applicable
20250812_115010,20250812_115010,confirmed,A11A1240A0068,A11A1240A0068,health.kr:A11A1240A0068,research_search_usable,false,false,
20250812_115046,20250812_115046,confirmed,A11APPPPP1607,A11APPPPP1607,health.kr:A11APPPPP1607,research_search_usable,false,false,
20250812_115050,20250812_115050,review_required,,,,excluded_unconfirmed,false,false,official_match_status:review_required
20250812_115054,20250812_115054,confirmed,2019090900233,2019090900233,health.kr:2019090900233,research_search_usable,false,false,
20250812_115058,20250812_115058,confirmed,2018121200009,2018121200009,health.kr:2018121200009,research_search_usable,false,false,
20250812_115101,20250812_115101,confirmed,2019010700055,2019010700055,health.kr:2019010700055,research_search_usable,false,false,
20250812_115110,20250812_115110,not_applicable,,,,excluded_unconfirmed,false,false,official_match_status:not_applicable
20250812_115116,20250812_115116,confirmed,A11AKP08G2439,A11AKP08G2439,health.kr:A11AKP08G2439,research_search_usable,false,false,
20250812_115128,20250812_115128,confirmed,A11AKP08G2439,A11AKP08G2439,health.kr:A11AKP08G2439,research_search_usable,false,false,
20250812_115141,20250812_115141,not_applicable,,,,excluded_unconfirmed,false,false,official_match_status:not_applicable
20250812_115144,20250812_115144,confirmed,2024050300005,2024050300005,health.kr:2024050300005,research_search_usable,false,false,
20250812_115149,20250812_115149,confirmed,2016112300002,2016112300002,health.kr:2016112300002,research_search_usable,false,false,
20250812_115202,20250812_115202,confirmed,A11AKP07L0521,A11AKP07L0521,health.kr:A11AKP07L0521,research_search_usable,false,false,
20250812_115206,20250812_115206,not_found,,,,excluded_unconfirmed,false,false,official_match_status:not_found
20250812_115207,20250812_115207,confirmed,2021051200006,2021051200006,health.kr:2021051200006,research_search_usable,false,false,
20250812_115209,20250812_115209,not_found,,,,excluded_unconfirmed,false,false,official_match_status:not_found
20250812_115214,20250812_115214,confirmed,2021042300003,2021042300003,health.kr:2021042300003,research_search_usable,false,false,
20250812_115225,20250812_115225,not_found,,,,excluded_unconfirmed,false,false,official_match_status:not_found
20250812_115226,20250812_115226,not_found,,,,excluded_unconfirmed,false,false,official_match_status:not_found
20250812_115232,20250812_115232,not_found,,,,excluded_unconfirmed,false,false,official_match_status:not_found
20250812_115242,20250812_115242,not_found,,,,excluded_unconfirmed,false,false,official_match_status:not_found
20250812_115247,20250812_115247,not_found,,,,excluded_unconfirmed,false,false,official_match_status:not_found
20250812_115248,20250812_115248,not_found,,,,excluded_unconfirmed,false,false,official_match_status:not_found
20250812_115254,20250812_115254,not_applicable,,,,excluded_unconfirmed,false,false,official_match_status:not_applicable
20250812_115259,20250812_115259,not_found,,,,excluded_unconfirmed,false,false,official_match_status:not_found
20250812_115304,20250812_115304,not_found,,,,excluded_unconfirmed,false,false,official_match_status:not_found
20250812_115314,20250812_115314,not_found,,,,excluded_unconfirmed,false,false,official_match_status:not_found
20250812_115324,20250812_115324,confirmed,A11A3180A0218,A11A3180A0218,health.kr:A11A3180A0218,research_search_usable,false,false,
20250812_115344,20250812_115344,not_found,,,,excluded_unconfirmed,false,false,official_match_status:not_found
20250812_115352,20250812_115352,confirmed,2020111900006,2020111900006,health.kr:2020111900006,research_search_usable,false,false,
20250812_115421,20250812_115421,not_applicable,,,,excluded_unconfirmed,false,false,official_match_status:not_applicable
20250812_115426,20250812_115426,not_applicable,,,,excluded_unconfirmed,false,false,official_match_status:not_applicable
20250812_115435,20250812_115435,confirmed,A11AKP08G4017,A11AKP08G4017,health.kr:A11AKP08G4017,research_search_usable,false,false,
20250812_115438,20250812_115438,not_applicable,,,,excluded_unconfirmed,false,false,official_match_status:not_applicable
20250812_115445,20250812_115445,not_applicable,,,,excluded_unconfirmed,false,false,official_match_status:not_applicable
20250812_115450,20250812_115450,not_applicable,,,,excluded_unconfirmed,false,false,official_match_status:not_applicable
20260129_110232,20260129_110232,not_applicable,,,,excluded_unconfirmed,false,false,official_match_status:not_applicable
20260129_110235,20260129_110235,not_applicable,,,,excluded_unconfirmed,false,false,official_match_status:not_applicable
20260129_110238,20260129_110238,not_applicable,,,,excluded_unconfirmed,false,false,official_match_status:not_applicable
20260129_110242,20260129_110242,not_applicable,,,,excluded_unconfirmed,false,false,official_match_status:not_applicable
20260129_110248,20260129_110248,not_applicable,,,,excluded_unconfirmed,false,false,official_match_status:not_applicable
20260129_110250,20260129_110250,not_applicable,,,,excluded_unconfirmed,false,false,official_match_status:not_applicable
20260129_110254,20260129_110254,not_applicable,,,,excluded_unconfirmed,false,false,official_match_status:not_applicable
20260129_110257,20260129_110257,not_applicable,,,,excluded_unconfirmed,false,false,official_match_status:not_applicable
20260129_110259,20260129_110259,not_applicable,,,,excluded_unconfirmed,false,false,official_match_status:not_applicable
20260129_110300,20260129_110300,not_applicable,,,,excluded_unconfirmed,false,false,official_match_status:not_applicable
20260129_110306,20260129_110306,not_applicable,,,,excluded_unconfirmed,false,false,official_match_status:not_applicable
20260129_110309,20260129_110309,not_applicable,,,,excluded_unconfirmed,false,false,official_match_status:not_applicable
20260129_110312,20260129_110312,not_applicable,,,,excluded_unconfirmed,false,false,official_match_status:not_applicable
20260129_110316,20260129_110316,not_applicable,,,,excluded_unconfirmed,false,false,official_match_status:not_applicable
20260129_110317,20260129_110317,not_applicable,,,,excluded_unconfirmed,false,false,official_match_status:not_applicable
20260129_110323,20260129_110323,not_applicable,,,,excluded_unconfirmed,false,false,official_match_status:not_applicable
20260129_110356,20260129_110356,not_applicable,,,,excluded_unconfirmed,false,false,official_match_status:not_applicable
20260129_110359,20260129_110359,not_applicable,,,,excluded_unconfirmed,false,false,official_match_status:not_applicable
20260129_110402,20260129_110402,not_applicable,,,,excluded_unconfirmed,false,false,official_match_status:not_applicable
20260129_110406,20260129_110406,not_applicable,,,,excluded_unconfirmed,false,false,official_match_status:not_applicable
20260129_110414,20260129_110414,not_applicable,,,,excluded_unconfirmed,false,false,official_match_status:not_applicable
20260129_110416,20260129_110416,not_applicable,,,,excluded_unconfirmed,false,false,official_match_status:not_applicable
20260129_110422,20260129_110422,not_applicable,,,,excluded_unconfirmed,false,false,official_match_status:not_applicable
20260129_110426,20260129_110426,not_applicable,,,,excluded_unconfirmed,false,false,official_match_status:not_applicable
20260129_110428,20260129_110428,review_required,,,,excluded_unconfirmed,false,false,official_match_status:review_required
20260129_110434,20260129_110434,not_applicable,,,,excluded_unconfirmed,false,false,official_match_status:not_applicable
20260129_110451,20260129_110451,not_applicable,,,,excluded_unconfirmed,false,false,official_match_status:not_applicable
20260129_110453,20260129_110453,not_applicable,,,,excluded_unconfirmed,false,false,official_match_status:not_applicable
20260129_110455,20260129_110455,not_applicable,,,,excluded_unconfirmed,false,false,official_match_status:not_applicable
20260129_110456,20260129_110456,not_applicable,,,,excluded_unconfirmed,false,false,official_match_status:not_applicable
20260129_110508,20260129_110508,not_applicable,,,,excluded_unconfirmed,false,false,official_match_status:not_applicable
20260129_110518,20260129_110518,not_applicable,,,,excluded_unconfirmed,false,false,official_match_status:not_applicable
20260129_110519,20260129_110519,not_applicable,,,,excluded_unconfirmed,false,false,official_match_status:not_applicable
20260129_110521,20260129_110521,not_applicable,,,,excluded_unconfirmed,false,false,official_match_status:not_applicable
20260129_110528,20260129_110528,not_applicable,,,,excluded_unconfirmed,false,false,official_match_status:not_applicable
20260129_110530,20260129_110530,not_applicable,,,,excluded_unconfirmed,false,false,official_match_status:not_applicable
20260129_110533,20260129_110533,not_applicable,,,,excluded_unconfirmed,false,false,official_match_status:not_applicable
20260129_110842,20260129_110842,review_required,,,,excluded_unconfirmed,false,false,official_match_status:review_required
20260129_110844,20260129_110844,confirmed,u45tc5rba9sfg,u45tc5rba9sfg,health.kr:u45tc5rba9sfg,research_search_usable,false,false,
20260129_110845,20260129_110845,not_found,,,,excluded_unconfirmed,false,false,official_match_status:not_found
20260129_110848,20260129_110848,not_found,,,,excluded_unconfirmed,false,false,official_match_status:not_found
20260129_110858,20260129_110858,not_applicable,,,,excluded_unconfirmed,false,false,official_match_status:not_applicable
20260129_110915,20260129_110915,not_applicable,,,,excluded_unconfirmed,false,false,official_match_status:not_applicable
20260129_110918,20260129_110918,not_applicable,,,,excluded_unconfirmed,false,false,official_match_status:not_applicable
20260129_110940,20260129_110940,not_applicable,,,,excluded_unconfirmed,false,false,official_match_status:not_applicable
20260129_110942,20260129_110942,not_applicable,,,,excluded_unconfirmed,false,false,official_match_status:not_applicable
20260129_110946,20260129_110946,not_applicable,,,,excluded_unconfirmed,false,false,official_match_status:not_applicable
20260129_111220,20260129_111220,confirmed,2018012200012,2018012200012,health.kr:2018012200012,research_search_usable,false,false,
20260129_111224,20260129_111224,not_found,,,,excluded_unconfirmed,false,false,official_match_status:not_found
20260129_111230,20260129_111230,confirmed,2016101100003,2016101100003,health.kr:2016101100003,research_search_usable,false,false,
20260129_111233,20260129_111233,confirmed,2010101100004,2010101100004,health.kr:2010101100004,research_search_usable,false,false,
20260129_111237,20260129_111237,confirmed,2017062000006,2017062000006,health.kr:2017062000006,research_search_usable,false,false,
20260129_111242,20260129_111242,review_required,,,,excluded_unconfirmed,false,false,official_match_status:review_required
20260129_111245,20260129_111245,confirmed,2009111800002,2009111800002,health.kr:2009111800002,research_search_usable,false,false,
20260129_111250,20260129_111250,review_required,,,,excluded_unconfirmed,false,false,official_match_status:review_required
20260129_111258,20260129_111258,review_required,,,,excluded_unconfirmed,false,false,official_match_status:review_required
20260129_111302,20260129_111302,review_required,,,,excluded_unconfirmed,false,false,official_match_status:review_required
20260129_111305,20260129_111305,confirmed,2020061600001,2020061600001,health.kr:2020061600001,research_search_usable,false,false,
20260129_111310,20260129_111310,confirmed,2019022800055,2019022800055,health.kr:2019022800055,research_search_usable,false,false,
20260129_111313,20260129_111313,confirmed,2025051300003,2025051300003,health.kr:2025051300003,research_search_usable,false,false,
20260129_111318,20260129_111318,not_found,,,,excluded_unconfirmed,false,false,official_match_status:not_found
20260129_111340,20260129_111340,review_required,,,,excluded_unconfirmed,false,false,official_match_status:review_required
20260129_111346,20260129_111346,confirmed,66wuffcbyam85,66wuffcbyam85,health.kr:66wuffcbyam85,research_search_usable,false,false,
20260129_111401,20260129_111401,confirmed,A11APPPPP2301,A11APPPPP2301,health.kr:A11APPPPP2301,research_search_usable,false,false,
20260129_111405,20260129_111405,confirmed,2025071600002,2025071600002,health.kr:2025071600002,research_search_usable,false,false,
20260129_111412,20260129_111412,review_required,,,,excluded_unconfirmed,false,false,official_match_status:review_required
20260129_111414,20260129_111414,not_found,,,,excluded_unconfirmed,false,false,official_match_status:not_found
20260129_111420,20260129_111420,confirmed,A11AKP08G2962,A11AKP08G2962,health.kr:A11AKP08G2962,research_search_usable,false,false,
20260129_111427,20260129_111427,review_required,,,,excluded_unconfirmed,false,false,official_match_status:review_required
20260129_111429,20260129_111429,not_found,,,,excluded_unconfirmed,false,false,official_match_status:not_found
20260129_111437,20260129_111437,not_found,,,,excluded_unconfirmed,false,false,official_match_status:not_found
20260129_111444,20260129_111444,confirmed,A11AKP08F1359,A11AKP08F1359,health.kr:A11AKP08F1359,research_search_usable,false,false,
20260129_111450,20260129_111450,confirmed,A11ACCCCC0417,A11ACCCCC0417,health.kr:A11ACCCCC0417,research_search_usable,false,false,
20260129_111453,20260129_111453,review_required,,,,excluded_unconfirmed,false,false,official_match_status:review_required
20260129_111459,20260129_111459,review_required,,,,excluded_unconfirmed,false,false,official_match_status:review_required
20260129_111504,20260129_111504,confirmed,A11AKP08F1379,A11AKP08F1379,health.kr:A11AKP08F1379,research_search_usable,false,false,
20260129_111506,20260129_111506,not_found,,,,excluded_unconfirmed,false,false,official_match_status:not_found
20260129_111512,20260129_111512,confirmed,A11APPPPP2219,A11APPPPP2219,health.kr:A11APPPPP2219,research_search_usable,false,false,
20260129_111516,20260129_111516,not_found,,,,excluded_unconfirmed,false,false,official_match_status:not_found
20260129_111522,20260129_111522,confirmed,A11A3060A0247,A11A3060A0247,health.kr:A11A3060A0247,research_search_usable,false,false,
20260129_111525,20260129_111525,confirmed,A11A0670A0329,A11A0670A0329,health.kr:A11A0670A0329,research_search_usable,false,false,
20260129_111529,20260129_111529,not_found,,,,excluded_unconfirmed,false,false,official_match_status:not_found
20260129_111532,20260129_111532,confirmed,A11APPPPP1032,A11APPPPP1032,health.kr:A11APPPPP1032,research_search_usable,false,false,
20260129_111536,20260129_111536,confirmed,A11AKP08F1261,A11AKP08F1261,health.kr:A11AKP08F1261,research_search_usable,false,false,
20260129_111718,20260129_111718,confirmed,A11A2260A0347,A11A2260A0347,health.kr:A11A2260A0347,research_search_usable,false,false,
20260129_111721,20260129_111721,review_required,,,,excluded_unconfirmed,false,false,official_match_status:review_required
20260129_111725,20260129_111725,confirmed,A11A2262A0568,A11A2262A0568,health.kr:A11A2262A0568,research_search_usable,false,false,
20260129_111727,20260129_111727,confirmed,A11A2262A0568,A11A2262A0568,health.kr:A11A2262A0568,research_search_usable,false,false,
20260129_111729,20260129_111729,not_found,,,,excluded_unconfirmed,false,false,official_match_status:not_found
20260129_111732,20260129_111732,not_found,,,,excluded_unconfirmed,false,false,official_match_status:not_found
20260129_111735,20260129_111735,review_required,,,,excluded_unconfirmed,false,false,official_match_status:review_required
20260129_112014,20260129_112014,not_applicable,,,,excluded_unconfirmed,false,false,official_match_status:not_applicable
20260129_112016,20260129_112016,not_applicable,,,,excluded_unconfirmed,false,false,official_match_status:not_applicable
20260129_112022,20260129_112022,not_applicable,,,,excluded_unconfirmed,false,false,official_match_status:not_applicable
20260129_112026,20260129_112026,not_applicable,,,,excluded_unconfirmed,false,false,official_match_status:not_applicable
20260129_112030,20260129_112030,not_applicable,,,,excluded_unconfirmed,false,false,official_match_status:not_applicable
20260129_112032,20260129_112032,not_applicable,,,,excluded_unconfirmed,false,false,official_match_status:not_applicable
20260129_112036,20260129_112036,not_applicable,,,,excluded_unconfirmed,false,false,official_match_status:not_applicable
20260129_112040,20260129_112040,not_applicable,,,,excluded_unconfirmed,false,false,official_match_status:not_applicable
20260129_112042,20260129_112042,not_applicable,,,,excluded_unconfirmed,false,false,official_match_status:not_applicable
20260129_112046,20260129_112046,not_applicable,,,,excluded_unconfirmed,false,false,official_match_status:not_applicable
20260129_112050,20260129_112050,not_applicable,,,,excluded_unconfirmed,false,false,official_match_status:not_applicable
20260129_112053,20260129_112053,not_applicable,,,,excluded_unconfirmed,false,false,official_match_status:not_applicable
20260129_112100,20260129_112100,not_applicable,,,,excluded_unconfirmed,false,false,official_match_status:not_applicable
20260129_112103,20260129_112103,not_applicable,,,,excluded_unconfirmed,false,false,official_match_status:not_applicable
20260129_112106,20260129_112106,not_applicable,,,,excluded_unconfirmed,false,false,official_match_status:not_applicable
20260129_112109,20260129_112109,not_applicable,,,,excluded_unconfirmed,false,false,official_match_status:not_applicable
20260129_112113,20260129_112113,not_applicable,,,,excluded_unconfirmed,false,false,official_match_status:not_applicable
20260129_112117,20260129_112117,not_applicable,,,,excluded_unconfirmed,false,false,official_match_status:not_applicable
20260129_112120,20260129_112120,not_applicable,,,,excluded_unconfirmed,false,false,official_match_status:not_applicable
20260129_112125,20260129_112125,not_applicable,,,,excluded_unconfirmed,false,false,official_match_status:not_applicable
20260129_112134,20260129_112134,not_applicable,,,,excluded_unconfirmed,false,false,official_match_status:not_applicable
20260129_112139,20260129_112139,confirmed,2011110400004,2011110400004,health.kr:2011110400004,research_search_usable,false,false,
20260129_112142,20260129_112142,not_applicable,,,,excluded_unconfirmed,false,false,official_match_status:not_applicable
20260129_112145,20260129_112145,not_applicable,,,,excluded_unconfirmed,false,false,official_match_status:not_applicable
20260129_112148,20260129_112148,not_applicable,,,,excluded_unconfirmed,false,false,official_match_status:not_applicable
20260129_112151,20260129_112151,not_applicable,,,,excluded_unconfirmed,false,false,official_match_status:not_applicable
20260129_112348,20260129_112348,review_required,,,,excluded_unconfirmed,false,false,official_match_status:review_required
20260129_112351,20260129_112351,review_required,,,,excluded_unconfirmed,false,false,official_match_status:review_required
20260129_112354,20260129_112354,not_found,,,,excluded_unconfirmed,false,false,official_match_status:not_found
20260129_112356,20260129_112356,confirmed,2012091400011,2012091400011,health.kr:2012091400011,research_search_usable,false,false,
20260129_112359,20260129_112359,confirmed,2012091400009,2012091400009,health.kr:2012091400009,research_search_usable,false,false,
20260129_112608,20260129_112608,review_required,,,,excluded_unconfirmed,false,false,official_match_status:review_required
20260129_112611,20260129_112611,confirmed,2023061400002,2023061400002,health.kr:2023061400002,research_search_usable,false,false,
20260129_112617,20260129_112617,confirmed,2014091500007,2014091500007,health.kr:2014091500007,research_search_usable,false,false,
20260129_112619,20260129_112619,confirmed,2009071505879,2009071505879,health.kr:2009071505879,research_search_usable,false,false,
20260129_112621,20260129_112621,confirmed,A11A2350A0139,A11A2350A0139,health.kr:A11A2350A0139,research_search_usable,false,false,
20260129_112629,20260129_112629,confirmed,A11AGGGGG7011,A11AGGGGG7011,health.kr:A11AGGGGG7011,research_search_usable,false,false,
20260129_112631,20260129_112631,confirmed,A11A1120B0112,A11A1120B0112,health.kr:A11A1120B0112,research_search_usable,false,false,
20260129_112636,20260129_112636,not_applicable,,,,excluded_unconfirmed,false,false,official_match_status:not_applicable
20260129_112638,20260129_112638,not_found,,,,excluded_unconfirmed,false,false,official_match_status:not_found
20260129_112642,20260129_112642,not_found,,,,excluded_unconfirmed,false,false,official_match_status:not_found
20260129_112644,20260129_112644,not_found,,,,excluded_unconfirmed,false,false,official_match_status:not_found
20260129_112654,20260129_112654,confirmed,A11AEEEEE0465,A11AEEEEE0465,health.kr:A11AEEEEE0465,research_search_usable,false,false,
20260129_112656,20260129_112656,confirmed,A11A1500A0402,A11A1500A0402,health.kr:A11A1500A0402,research_search_usable,false,false,
20260129_112658,20260129_112658,review_required,,,,excluded_unconfirmed,false,false,official_match_status:review_required
20260129_112701,20260129_112701,confirmed,A11ABBBBB0727,A11ABBBBB0727,health.kr:A11ABBBBB0727,research_search_usable,false,false,
20260129_112707,20260129_112707,confirmed,A11A1240A0063,A11A1240A0063,health.kr:A11A1240A0063,research_search_usable,false,false,
20260129_112710,20260129_112710,confirmed,A11A2260A0456,A11A2260A0456,health.kr:A11A2260A0456,research_search_usable,false,false,
20260129_112713,20260129_112713,review_required,,,,excluded_unconfirmed,false,false,official_match_status:review_required
20260129_113153,20260129_113153,review_required,,,,excluded_unconfirmed,false,false,official_match_status:review_required
20260129_113156,20260129_113156,confirmed,2023102700003,2023102700003,health.kr:2023102700003,research_search_usable,false,false,
20260129_113200,20260129_113200,confirmed,2014011500012,2014011500012,health.kr:2014011500012,research_search_usable,false,false,
20260129_113203,20260129_113203,confirmed,2010110300005,2010110300005,health.kr:2010110300005,research_search_usable,false,false,
20260129_113206,20260129_113206,confirmed,2015061500004,2015061500004,health.kr:2015061500004,research_search_usable,false,false,
20260129_113209,20260129_113209,confirmed,2013051600004,2013051600004,health.kr:2013051600004,research_search_usable,false,false,
20260129_113213,20260129_113213,confirmed,2020072200009,2020072200009,health.kr:2020072200009,research_search_usable,false,false,
20260129_113216,20260129_113216,confirmed,2012052100004,2012052100004,health.kr:2012052100004,research_search_usable,false,false,
20260129_113219,20260129_113219,review_required,,,,excluded_unconfirmed,false,false,official_match_status:review_required
20260129_113223,20260129_113223,not_found,,,,excluded_unconfirmed,false,false,official_match_status:not_found
20260129_113228,20260129_113228,confirmed,2011112300004,2011112300004,health.kr:2011112300004,research_search_usable,false,false,
20260129_113231,20260129_113231,confirmed,2022022300003,2022022300003,health.kr:2022022300003,research_search_usable,false,false,
20260129_113241,20260129_113241,not_found,,,,excluded_unconfirmed,false,false,official_match_status:not_found
20260129_113244,20260129_113244,not_found,,,,excluded_unconfirmed,false,false,official_match_status:not_found
20260129_113250,20260129_113250,confirmed,2021102600014,2021102600014,health.kr:2021102600014,research_search_usable,false,false,
20260129_113253,20260129_113253,confirmed,2023020300001,2023020300001,health.kr:2023020300001,research_search_usable,false,false,
20260129_113257,20260129_113257,confirmed,2024032900001,2024032900001,health.kr:2024032900001,research_search_usable,false,false,
20260129_113301,20260129_113301,review_required,,,,excluded_unconfirmed,false,false,official_match_status:review_required
20260129_113305,20260129_113305,not_found,,,,excluded_unconfirmed,false,false,official_match_status:not_found
20260129_113308,20260129_113308,confirmed,2016090900001,2016090900001,health.kr:2016090900001,research_search_usable,false,false,
20260129_113314,20260129_113314,confirmed,2024120400005,2024120400005,health.kr:2024120400005,research_search_usable,false,false,
20260129_113317,20260129_113317,confirmed,2015121700002,2015121700002,health.kr:2015121700002,research_search_usable,false,false,
20260129_113323,20260129_113323,not_found,,,,excluded_unconfirmed,false,false,official_match_status:not_found
20260129_113326,20260129_113326,confirmed,2015121700002,2015121700002,health.kr:2015121700002,research_search_usable,false,false,
20260129_113330,20260129_113330,confirmed,2015121700002,2015121700002,health.kr:2015121700002,research_search_usable,false,false,
20260129_113354,20260129_113354,confirmed,2021030500011,2021030500011,health.kr:2021030500011,research_search_usable,false,false,
20260129_113358,20260129_113358,confirmed,2018012600003,2018012600003,health.kr:2018012600003,research_search_usable,false,false,
20260129_113401,20260129_113401,confirmed,2019051000107,2019051000107,health.kr:2019051000107,research_search_usable,false,false,
20260129_113404,20260129_113404,confirmed,2019051000107,2019051000107,health.kr:2019051000107,research_search_usable,false,false,
20260129_113413,20260129_113413,confirmed,2024050300005,2024050300005,health.kr:2024050300005,research_search_usable,false,false,
20260129_113418,20260129_113418,confirmed,2015092400006,2015092400006,health.kr:2015092400006,research_search_usable,false,false,
20260129_113421,20260129_113421,confirmed,2018060800005,2018060800005,health.kr:2018060800005,research_search_usable,false,false,
20260129_113427,20260129_113427,confirmed,2025090900001,2025090900001,health.kr:2025090900001,research_search_usable,false,false,
20260129_113430,20260129_113430,confirmed,2024031100005,2024031100005,health.kr:2024031100005,research_search_usable,false,false,
20260129_113435,20260129_113435,confirmed,2020052100003,2020052100003,health.kr:2020052100003,research_search_usable,false,false,
20260129_113437,20260129_113437,confirmed,2024092400004,2024092400004,health.kr:2024092400004,research_search_usable,false,false,
20260129_113443,20260129_113443,confirmed,2016042100004,2016042100004,health.kr:2016042100004,research_search_usable,false,false,
20260129_113448,20260129_113448,confirmed,2017030900001,2017030900001,health.kr:2017030900001,research_search_usable,false,false,
20260129_113454,20260129_113454,confirmed,2015072400010,2015072400010,health.kr:2015072400010,research_search_usable,false,false,
20260129_113459,20260129_113459,confirmed,2011042200001,2011042200001,health.kr:2011042200001,research_search_usable,false,false,
20260129_113509,20260129_113509,confirmed,2022070700001,2022070700001,health.kr:2022070700001,research_search_usable,false,false,
20260129_113512,20260129_113512,confirmed,2021122100001,2021122100001,health.kr:2021122100001,research_search_usable,false,false,
20260129_113524,20260129_113524,not_found,,,,excluded_unconfirmed,false,false,official_match_status:not_found
20260129_113526,20260129_113526,confirmed,2023062300001,2023062300001,health.kr:2023062300001,research_search_usable,false,false,
20260129_113530,20260129_113530,confirmed,2022072900003,2022072900003,health.kr:2022072900003,research_search_usable,false,false,
20260129_113532,20260129_113532,not_found,,,,excluded_unconfirmed,false,false,official_match_status:not_found
20260129_113537,20260129_113537,not_found,,,,excluded_unconfirmed,false,false,official_match_status:not_found
20260129_113539,20260129_113539,not_found,,,,excluded_unconfirmed,false,false,official_match_status:not_found
20260129_113541,20260129_113541,confirmed,A11AOOOOO2180,A11AOOOOO2180,health.kr:A11AOOOOO2180,research_search_usable,false,false,
20260129_113544,20260129_113544,confirmed,A11AOOOOO2180,A11AOOOOO2180,health.kr:A11AOOOOO2180,research_search_usable,false,false,
20260129_113619,20260129_113619,review_required,,,,excluded_unconfirmed,false,false,official_match_status:review_required
20260129_113630,20260129_113630,not_found,,,,excluded_unconfirmed,false,false,official_match_status:not_found
20260129_113633,20260129_113633,not_found,,,,excluded_unconfirmed,false,false,official_match_status:not_found
20260129_113635,20260129_113635,not_found,,,,excluded_unconfirmed,false,false,official_match_status:not_found
20260129_113639,20260129_113639,confirmed,2025012100003,2025012100003,health.kr:2025012100003,research_search_usable,false,false,
20260129_113648,20260129_113648,review_required,,,,excluded_unconfirmed,false,false,official_match_status:review_required
20260129_113649,20260129_113649,not_found,,,,excluded_unconfirmed,false,false,official_match_status:not_found
20260129_113651,20260129_113651,not_found,,,,excluded_unconfirmed,false,false,official_match_status:not_found
20260129_113703,20260129_113703,not_found,,,,excluded_unconfirmed,false,false,official_match_status:not_found
20260129_113706,20260129_113706,not_found,,,,excluded_unconfirmed,false,false,official_match_status:not_found
20260129_113710,20260129_113710,not_found,,,,excluded_unconfirmed,false,false,official_match_status:not_found
20260129_113712,20260129_113712,not_found,,,,excluded_unconfirmed,false,false,official_match_status:not_found
20260129_113715,20260129_113715,not_found,,,,excluded_unconfirmed,false,false,official_match_status:not_found
20260129_113716,20260129_113716,not_found,,,,excluded_unconfirmed,false,false,official_match_status:not_found
20260129_113724,20260129_113724,confirmed,A11AHHHHH0243,A11AHHHHH0243,health.kr:A11AHHHHH0243,research_search_usable,false,false,
20260129_113728,20260129_113728,confirmed,2022022400013,2022022400013,health.kr:2022022400013,research_search_usable,false,false,
20260129_113732,20260129_113732,not_found,,,,excluded_unconfirmed,false,false,official_match_status:not_found
20260129_113736,20260129_113736,not_found,,,,excluded_unconfirmed,false,false,official_match_status:not_found
20260129_113739,20260129_113739,not_found,,,,excluded_unconfirmed,false,false,official_match_status:not_found
20260129_113742,20260129_113742,not_found,,,,excluded_unconfirmed,false,false,official_match_status:not_found
20260129_113744,20260129_113744,not_found,,,,excluded_unconfirmed,false,false,official_match_status:not_found
20260129_113748,20260129_113748,not_found,,,,excluded_unconfirmed,false,false,official_match_status:not_found
20260129_113751,20260129_113751,confirmed,2020050800012,2020050800012,health.kr:2020050800012,research_search_usable,false,false,
20260129_113754,20260129_113754,confirmed,2024062000004,2024062000004,health.kr:2024062000004,research_search_usable,false,false,
20260129_113758,20260129_113758,confirmed,2015071400007,2015071400007,health.kr:2015071400007,research_search_usable,false,false,
20260129_113801,20260129_113801,not_found,,,,excluded_unconfirmed,false,false,official_match_status:not_found
20260129_113804,20260129_113804,confirmed,2015012600021,2015012600021,health.kr:2015012600021,research_search_usable,false,false,
20260129_113809,20260129_113809,confirmed,2024011200006,2024011200006,health.kr:2024011200006,research_search_usable,false,false,
20260129_113832,20260129_113832,not_found,,,,excluded_unconfirmed,false,false,official_match_status:not_found
20260129_113838,20260129_113838,not_found,,,,excluded_unconfirmed,false,false,official_match_status:not_found
20260129_113939,20260129_113939,not_found,,,,excluded_unconfirmed,false,false,official_match_status:not_found
20260129_113942,20260129_113942,not_found,,,,excluded_unconfirmed,false,false,official_match_status:not_found
20260129_113946,20260129_113946,review_required,,,,excluded_unconfirmed,false,false,official_match_status:review_required
20260129_113948,20260129_113948,confirmed,2014042200003,2014042200003,health.kr:2014042200003,research_search_usable,false,false,
20260129_113958,20260129_113958,review_required,,,,excluded_unconfirmed,false,false,official_match_status:review_required
20260129_114000,20260129_114000,confirmed,2021031100002,2021031100002,health.kr:2021031100002,research_search_usable,false,false,
20260129_114002,20260129_114002,confirmed,2021031100002,2021031100002,health.kr:2021031100002,research_search_usable,false,false,
20260129_114007,20260129_114007,not_found,,,,excluded_unconfirmed,false,false,official_match_status:not_found
20260129_114009,20260129_114009,not_found,,,,excluded_unconfirmed,false,false,official_match_status:not_found
20260129_114011,20260129_114011,not_found,,,,excluded_unconfirmed,false,false,official_match_status:not_found
20260129_114024,20260129_114024,not_found,,,,excluded_unconfirmed,false,false,official_match_status:not_found
20260129_114030,20260129_114030,not_found,,,,excluded_unconfirmed,false,false,official_match_status:not_found
20260129_114033,20260129_114033,not_found,,,,excluded_unconfirmed,false,false,official_match_status:not_found
20260129_114042,20260129_114042,not_found,,,,excluded_unconfirmed,false,false,official_match_status:not_found
20260129_114045,20260129_114045,not_found,,,,excluded_unconfirmed,false,false,official_match_status:not_found
20260129_114051,20260129_114051,not_found,,,,excluded_unconfirmed,false,false,official_match_status:not_found
20260129_114054,20260129_114054,not_found,,,,excluded_unconfirmed,false,false,official_match_status:not_found
20260129_114055,20260129_114055,confirmed,2023041700003,2023041700003,health.kr:2023041700003,research_search_usable,false,false,
20260129_114102,20260129_114102,not_found,,,,excluded_unconfirmed,false,false,official_match_status:not_found
20260129_114104,20260129_114104,confirmed,A11APPPPP1936,A11APPPPP1936,health.kr:A11APPPPP1936,research_search_usable,false,false,
20260129_114106,20260129_114106,confirmed,2016050200007,2016050200007,health.kr:2016050200007,research_search_usable,false,false,
20260129_114110,20260129_114110,not_found,,,,excluded_unconfirmed,false,false,official_match_status:not_found
20260129_114113,20260129_114113,not_found,,,,excluded_unconfirmed,false,false,official_match_status:not_found
